品番,材質＆材料径
1,ASK2600S φ8.0CM
2,C3604Lcd Hex4.0　
3,C3604Lcd φ6.0 平目 22山
4,C3604Lcd φ8.0
5,C3604Lcd φ5.0 ﾀﾃﾒR 15山
6,C3604Lcd φ6.5
7,C3604Lcd φ6.0 ﾀﾃﾒR
8,C3604Lcd φ6.0 平目 22山
9,C3604Lcd φ8.0
10,ASK2600S φ10.0CM
11,ASK2600S φ10.0CM
12,ASK2600S φ10.0CM
13,ASK2600S φ10.0CM
14,SUS303 φ8.0CM
15,SF-20T φ10.0D
16,ASK2600S φ6.0CM
17,ASK2600S φ5.0CM
18,ASK2600S φ6.0CM
19,SUS303 φ9.0CM
20,SUS303 φ8.0CM
21,SUS440C φ6.0G  2m
22,SUS303 φ5.0CM
23,SUS303 φ8.0CM
24,SUS303 φ8.0CM
25,SUS303 φ8.0CM
26,SUS303 φ8.0CM
27,SUS303 φ8.0CM
28,SUS303 φ8.0CM
29,SUS303 φ8.0CM
30,C3604Lcd φ10.0
31,SUS303 φ6.0CM
32,C3604Lcd φ4.0
33,SUS303 φ8.6 ﾀﾃﾒR
34,C3604Lcd φ8.0
35,SUS304 φ10.0D
36,SUS304 φ10.0D
37,SUS304 φ3.0G  2m
38,SUS304 φ3.0G  2m
39,SUS303 φ5.0CM
40,SUS303 φ5.5G
41,SUS303 φ6.0CM
42,C5191 φ4.0
43,C5191 φ4.0
44,SUS303 φ8.0CM
45,C3604Lcd φ9.0
46,C3604Lcd φ5.0
47,"C3604Lcd φ4.0 (0,-15)"
48,SUS303 φ26.0CM  2m
49,C3604Lcd Hex22.0
50,C5191 φ4.0
51,SUS303 φ5.0CM
52,C3604Lcd φ2.5
53,SUS303 φ6.0G
54,SUS303 φ3.0CM
55,SUS303 φ8.0D
56,1144 ASTM A311 φ6.0G  2m (支給材)
57,SUS303 φ8.0D
58,ASK2600S φ7.5 ﾀﾃﾒR m=0.3
59,ASK2600S φ8.0CM
60,ASK2200R φ10.0CM
61,ASK2200R φ10.0CM
62,ASK2200R φ8.0CM
63,C3604（一般） φ4.0
64,SUS303 Hex17.0  2m
65,SUS303 φ4.0G
66,C3604Lcd φ25.0
67,G23-T8 φ12.0
68,G23-T8 φ13.0
69,G23-T8 φ15.0
70,SUS303 Hex12.0  2m
71,S45CFS φ10.0D
72,ASK2600S φ4.0CM
73,C3602Lcd φ7.0 (NB5N)
74,S45CF φ12.0Ｄ
75,SUS303 φ7.0CM
76,SUS303 φ7.0CM
77,SUS303 φ7.0CM
78,C3604Lcd φ11.0
79,C3604Lcd φ8.0
80,C3604Lcd φ8.0
81,C3604Lcd φ8.0
82,SUS303 φ17.0CM
83,C3604Lcd φ8.0
84,TLS φ9.0D
85,C3602Lcd φ4.0 (NB5N)
86,SUS303 φ10.0G
87,SUS303 φ2.0G  2.1m
88,SUS303 φ2.0D (支給材）
89,SUS303 φ2.0D (支給材）
90,C3604Lcd φ2.5
91,ASK2600S φ12.0CM
92,C3604Lcd φ4.0
93,C3604Lcd φ7.0
94,C3604Lcd φ4.0
95,G23-T8 φ15.0
96,ASK2600S φ10.0CM
97,ASK2600S φ10.0CM
98,C3604Lcd φ5.2
99,C3604Lcd φ5.0 (NB3S)
100,C3604Lcd φ5.2 (NB3S)
101,C3604Lcd φ7.0 (NB3S)
102,SK4F φ3.0G  2m
103,ASK2600S φ8.0CM
104,ASK2600S φ8.0CM
105,C3604Lcd φ9.0
106,SCM435 φ14.0D  2m
107,S35CFS φ12.0D (支給材)
108,A5056 φ17.0 2m
109,
110,SF-20T φ5.0G
111,S45CFS φ10.0D
112,SDF φ3.0D
113,SDF φ3.0D
114,SCM435 φ8.0D  2m
115,ASK2200R φ8.0CM
116,SF-13E φ6.0D
117,S35CFS φ12.0D (支給材)
118,S35CFS φ12.0D (支給材)
119,SUS303 φ6.0CM
120,A5056 φ17.0 2m
121,A5056 φ17.0 2m
122,SUS304 φ3.0G  2m
123,SUS303 φ20.0CM
124,C3604Lcd φ19.0
125,CB156 φ3.5
126,ASK2600 Hex10.0
127,ASK2600 Hex10.0
128,C6782Lcd φ6.0  2m
129,C6782Lcd φ6.0  2m
130,C6782Lcd φ6.0  2m
131,ASK500F φ4.0G  2m
132,ASK500F φ4.0G  2m
133,ASK500F φ4.0G  2m
134,ASK500F φ4.0G  2m
135,ASK2600S φ5.0CM
136,C3604Lcd φ3.0
137,SUS303 φ5.0CM
138,C3602Lcd φ4.0 (NB5N)
139,C3602Lcd φ7.0 (NB5N)
140,C3602Lcd φ7.0 (NB5N)
141,ASK2600S φ12.0CM
142,"1215 φ4.5  (-10,-20)"
143,ASK2600S φ10.0CM
144,SGD3M φ8.0D  2.0m
145,C3604Lcd φ11.0 (NB3S)
146,SUS303 φ18.0CM
147,SUS303 φ16.0CM
148,1215 φ4.5D
149,"1215 φ4.5  (-10,-20)"
150,1215 φ4.5D
151,1215 φ4.5D
152,1215 φ4.5D
153,1215 φ4.5D
154,1215 φ4.5D
155,"1215 φ4.5  (-10,-20)"
156,1215 φ4.5D
157,1215 φ4.5D
158,1215 φ4.5D
159,SUS303 φ5.0CM
160,S45CFS φ10.0D
161,ASK2600S φ12.0CM
162,ASK2600S φ12.0CM
163,ASK2600S φ12.0CM
164,STKM11A φ10.0ｘ1.6t
165,SUS303 φ7.0CM
166,A2017 φ15.0 2m
167,STKM13A φ21.0×15.0×2500 （客先有償支給）
168,A5056 φ12.0 2m
169,C3604Lcd φ3.0
170,C3604Lcd φ6.0
171,C3604Lcd φ5.0
172,SUS416 φ5.0G
173,SUS303 φ3.0CM
174,ASK2600 Hex7.0
175,C3604Lcd φ7.0
176,SUS416 φ5.0G
177,SDF φ8.0 平目R ﾓｼﾞｭｰﾙ0.2  40山
178,C3604Lcd φ9.0
179,SDF φ8.0 平目R ﾓｼﾞｭｰﾙ0.2
180,SUS303 φ9.0CM
181,SUS303 φ9.0CM
182,
183,SUS303 φ5.0CM
184,C3604Lcd φ3.0 (NB3S)
185,C3604Lcd φ3.0 (NB3S)
186,C3604Lcd Hex14.0
187,ASK2600S φ10.0CM
188,C3604Lcd φ10.0
189,SUS303 φ6.0CM
190,SUS303 φ6.0CM
191,C3604Lcd φ4.0 (NB5S)
192,C3604Lcd φ4.0 (NB5S)
193,SUS303 φ10.0CM
194,C3604Lcd Hex17.0
195,C3604Lcd φ5.2 (NB3T)
196,SDF φ14.0D
197,C3604Lcd φ7.0
198,SUS303 φ7.0CM
199,SUS303 Hex17.0  2m
200,C3604Lcd φ2.5
201,ASK2200R φ10.0CM
202,ASK2200R φ8.0CM
203,C5441 φ12.0
204,A5056 φ18.0 2m
205,A5056 φ18.0 2m
206,C3602Lcd φ12.0 (NB5N)
207,SUS303 φ3.5G
208,SUS303 φ3.5G
209,SUS303 φ6.0CM
210,SUS303 φ5.0CM
211,SUS303 φ7.0CM
212,SUS303 φ5.0CM
213,SUS303 φ7.0CM
214,SUS303 φ7.0CM
215,SUS303 φ6.0CM
216,SUS303 φ5.0CM
217,SUS303 φ5.0CM
218,SUS303 φ30.0G
219,SUS303 φ7.0CM
220,"SUS303 φ7.0G (-20,-50)"
221,C3602Lcd φ17.0 (NB5N) (C3603-1/2H表記)
222,SUS303 φ22.0CM
223,SUS303 φ15.0CM
224,SUS303 φ7.0CM
225,SUS303 φ10.0CM
226,ASK3000S φ8.0G
227,SUS303 φ7.0CM
228,SUS303 φ6.0G
229,SUS303 φ6.0G
230,A7075-T6 φ15.0
231,A7075-T6 φ15.0
232,SUS303 φ7.0CM
233,G23-T8 φ11.0
234,C3604Lcd φ28.0
235,A2017 φ21.0 2m
236,G23-T8 φ11.0
237,SUS303 φ3.0CM
238,C3604Lcd φ18.0
239,C3604Lcd φ8.0
240,SUS303 φ4.0
241,SUS304 φ9.2  1.5m 客先支給材
242,SUS303 φ5.0CM
243,C3602Lcd φ3.5 (NB5N)
244,C3602Lcd φ5.0 (NB5N)
245,SGD3M φ13.0D  2.0m
246,SGD3M φ14.0D  2.0m
247,SGD3M φ18.0D  2.0m
248,SUS303 Hex13.0  2m
249,SF-27E φ3.0G
250,C3602Lcd φ5.0 (NB5N)
251,C1100 φ5.0
252,SUS303 Hex13.0  2m
253,SUS303 Hex13.0  2m
254,C3602Lcd φ5.0 (NB5N)
255,C3602Lcd φ5.0 (NB5N)
256,C1100 φ5.0
257,ASK2600 φ17.0CM
258,ASK2600S φ17.0CM
259,ASK2600S φ16.0CM
260,C6782Lcd φ6.0  2m
261,C6782Lcd φ6.0  2m
262,S45CFS φ8.0D
263,SDF φ3.0D
264,SUS303 φ4.0CM
265,SUS303 φ6.0CM
266,SUS303 φ8.0CM
267,SUS303 φ7.0 ｱﾔﾒR m=0.25 P=0.785
268,ASK2600S φ18.0CM
269,ASK2600S φ17.0CM
270,ASK2600S φ17.0CM
271,ASK2600S φ18.0CM
272,ASK2600S φ17.0CM
273,ASK2600 φ17.0CM
274,ASK2600S φ17.0CM
275,C3604 A-Lcd φ6.0 (焼鈍材) (支給材)
276,C3604Lcd φ7.0
277,ASK2600S φ10.0CM
278,ASK3000T φ3.5G
279,C1100 φ3.0（支給材）
280,C3604Lcd φ5.0 (NB5S)
281,SUS303 φ6.0G
282,ASK3000S φ4.0G
283,ASK3000S φ4.0G
284,TLS φ5.0D　指定
285,TLS φ5.0D　指定
286,ASK2600S φ5.0CM
287,C3604Lcd φ10.0
288,C3604Lcd φ14.0 (NB5S)
289,C3604Lcd φ14.0 (NB5S)
290,C3604Lcd φ18.0
291,C3604Lcd φ18.0
292,C3604Lcd φ22.0 (NB5S指定)
293,SUS303 φ10.0CM
294,SUS303 φ8.0CM
295,C3604Lcd φ16.0
296,C3604Lcd φ12.0
297,SUS303 φ5.0G
298,C3604Lcd φ3.0
299,SUS303 φ5.0CM
300,SUS303 φ14.0CM
301,C3602Lcd φ3.0 (NB5N) (C3601表記）
302,C3602Lcd φ3.0 (NB5N) (C3601表記）
303,C3602Lcd φ3.0 (NB5N) (C3601表記）
304,C3602Lcd φ3.0 (NB5N) (C3601表記）
305,C3602Lcd φ3.0 (NB5N) (C3601表記）
306,
307,C3602Lcd φ3.0 (NB5N) (C3601表記）
308,C3604Lcd φ14.0
309,C3604Lcd φ16.0
310,C3604Lcd φ18.0
311,C3604Lcd φ12.0
312,C3604Lcd φ16.0
313,
314,SUS303 φ7.0CM
315,SUS303 φ7.0CM
316,SK4F φ3.0G  2m
317,SUS303 φ5.0CM
318,C3604Lcd φ13.0
319,SUS303 φ6.0CM
320,C1100 φ6.0
321,C3604Lcd φ5.0
322,C3604Lcd φ7.0
323,TLS φ4.0D
324,SUS303 φ2.0G  2.1m
325,C3602Lcd φ6.0 (NB5N)
326,S45CL2 φ22.0D
327,S45CFS φ6.0D
328,ASK2600S φ9.0CM
329,ASK2600S φ8.0CM
330,SUS303 φ3.5G
331,SUS303 φ2.0G  2.1m
332,SUS303 φ2.0G  2.1m
333,SUS303 φ3.5G
334,SUS303 φ3.5G
335,SUS303 φ3.0CM
336,SUS303 φ3.0CM
337,SUS303 φ3.0CM
338,SUS303 φ3.5G
339,POM（白） φ20.0G  2m
340,SUS303 φ10.0CM
341,SUS303 φ3.5G
342,ME1F φ10.0CM
343,ME1F φ10.0CM
344,SUS303 φ3.0CM
345,ASK2600S φ12.0CM (φ11.0)
346,ASK2600S φ11.0CM
347,SUS303 φ4.0CM
348,SUS303 φ3.0CM
349,SUS303 φ3.0CM
350,SUS303 φ3.0CM
351,SUS303 φ3.5G
352,SUS304 φ13.0D
353,SUS304 φ11.0D
354,SUS303 φ3.0CM
355,C3604Lcd φ3.0
356,ASK2600S φ15.0CM　
357,SUS303 φ18.0CM
358,C3604Lcd φ6.0
359,C3604Lcd φ9.0
360,C3604異形材 φ8.0 (支給材）
361,SUM22 φ7.0 客先支給材
362,ASK2600 φ22.0CM
363,C3604Lcd φ3.5
364,SGD3M φ15.0D  2m
365,ｱﾙﾐ青銅 φ17.06 客先支給材
366,C3604Lcd φ3.0
367,SF-13E φ6.04D
368,SUS303 φ5.0CM
369,SUS303 φ5.0CM
370,ASK2600S φ5.0CM
371,ASK2600S φ5.0CM
372,SUS303 φ7.0CM
373,SUS303 φ5.0CM
374,SUS303 φ5.0CM
375,SUS303 φ5.0CM
376,SUS303 φ6.0CM
377,SUS303 φ5.0CM
378,SUS303 φ6.0CM
379,SUS303 φ6.0CM
380,SUS303 φ6.0G
381,SUS303 φ6.0G
382,SUS303 φ6.0G
383,SUS303 φ6.0G
384,SUS303 φ6.0G
385,SUS303 φ6.0CM
386,SUS303 φ7.0CM
387,C2700T φ18.0×2.0t　
388,ASK2600S φ25.0CM
389,ASK2600S φ22.0CM
390,PBT（GF30％） φ20.0G 1m
391,A2017 φ15.0 2m
392,SUS303 φ13.0CM
393,C3604Lcd Hex6.0
394,C3604Lcd Hex6.0
395,C3604Lcd φ18.0
396,C3604Lcd φ8.0
397,C3604Lcd φ11.0
398,SF-13E φ14.0D or G
399,C5191 φ15.0
400,ｱﾙﾐ青銅 φ32.0  2m 客先支給材
401,SUS400系 φ10.69  2.0m
402,G23-T8 φ11.0
403,C3604Lcd φ6.0
404,C3604Lcd φ8.0
405,C3604Lcd φ11.0
406,C3604Lcd φ3.0
407,C3604Lcd φ3.0
408,C3604Lcd φ3.0
409,"TLS φ6.0D (-30,-50)"
410,"TLS φ6.0D (-30,-50)"
411,"TLS φ6.0D (-30,-50)"
412,C3602Lcd φ18.0 (NB5N)
413,SUS303 φ26.0CM  2m （大同指定）
414,SUS303 φ26.0CM  2m （大同指定）
415,SUS303 φ26.0CM  2m （大同指定）
416,SUS303 φ26.0CM  2m （大同指定）
417,SUS303 φ6.0CM
418,C3604Lcd φ5.0
419,SGD3M φ10.0D  2.0m
420,G23-T8 φ10.0
421,ASK2600S φ10.0CM
422,ASK2600S φ10.0CM
423,ASK2600S φ20.0CM
424,ASK2600 φ20.0CM
425,C3604Lcd φ9.0
426,C3602Lcd φ8.0 (NB5N)
427,SUS303 φ17.0CM
428,SF-20T φ3.5G
429,SUS303 φ12.0
430,SUS304 φ7.0D
431,SUS420F φ6.1D (支給材）
432,SUS420F φ6.0G
433,"SUS420F φ6.0G (+2,-6)"
434,"SUS420F φ6.0G (0,-7)"
435,C3604Lcd φ10.0
436,C3604Lcd φ15.0
437,ASK2200R φ8.0
438,A2017 φ23.0 2m (住軽材)
439,C3604（一般） □6.5
440,C3604Lcd φ3.0 平目R 15山
441,C3604Lcd φ3.5
442,C3604Lcd φ2.5 (NB5S)
443,C3604Lcd φ2.5 (NB5S)
444,SUS303 φ10.0CM
445,SGD3M or SUS303 φ6.0  2.0m
446,C3604Lcd φ6.0
447,S45CF φ10.0D
448,SF-20T φ12.0D
449,C3604Lcd φ24.0
450,C3604Lcd φ24.0
451,C3604Lcd φ24.0
452,C3604Lcd φ24.0
453,C3604Lcd φ24.0
454,SUS303 φ12.0CM
455,C3604Lcd φ2.5
456,SF-20T φ5.0G
457,SF-20T φ4.0G
458,SF-20T φ6.0G
459,SF-20T φ5.0G
460,SF-20T φ5.0G
461,SUS303Cu Hex10.0
462,C3604Lcd φ4.5 ﾀﾃﾒR
463,C3604Lcd φ8.0
464,C3604Lcd φ8.0
465,C3604Lcd φ8.0
466,SUS303 φ5.0CM
467,C3604Lcd φ10.0
468,C3604Lcd φ10.0
469,"TLS φ4.0D (-30,-50)"
470,
471,TLS φ3.5D
472,SUS303 φ3.0CM
473,SUS303 φ3.0CM
474,SUS303 φ3.0CM
475,SUS303 φ6.0CM
476,SUS303 φ5.0CM
477,C3604Lcd φ11.0
478,C2700T φ7.5×0.5t
479,SUS304 φ5.0G  2m
480,C3604（一般） Hex5.0
481,C3604（一般） □5.0
482,C3604（一般） □5.0
483,SUS303 φ4.0CM
484,SUS303 φ4.0G
485,SUS303 φ4.0G
486,SF-20T φ6.0G
487,C3604Lcd φ7.0
488,SF-20T φ8.0G
489,SF-20T φ8.0G
490,C3604Lcd φ7.0
491,C3602Lcd φ4.0 (NB5N)
492,C3604Lcd φ10.0
493,C3604Lcd φ2.5
494,C3604Lcd φ10.0
495,C3604Lcd φ10.0
496,C3604Lcd φ7.0
497,C3604Lcd φ5.0
498,C3604Lcd φ13.0
499,C3604Lcd φ10.0
500,C3604Lcd Hex8.0
501,SF-20T φ10.0D
502,SF-20T φ10.0D
503,SF-20T φ6.0G
504,SF-20T φ6.0D
505,SF-20T φ6.0D
506,SF-20T φ9.0
507,SF-20T φ10.0D
508,SF-20T φ8.0G
509,SF-20T φ8.0G
510,SUS303 φ4.0CM
511,C3604Lcd φ9.0
512,C3604Lcd φ4.0
513,C3604（一般） □10.0
514,SF-20T φ8.0G
515,SF-20T φ10.0D
516,C3604Lcd φ15.0
517,SF-20T φ8.0G
518,C3604Lcd φ7.0
519,C3604Lcd φ17.0
520,C3604Lcd φ11.0
521,G23-T8 φ15.0
522,SUS303 φ12.0CM
523,ASK2600 φ14.0CM
524,SF-20T φ7.0G
525,SUS303 φ12.0CM
526,SUS303 φ20.0CM
527,ASK2600S φ5.97
528,C3604Lcd φ20.0
529,SUS303G　φ10.0
530,SUS303 φ10.0CM
531,SUS303 φ10.0CM
532,SUS303 φ10.0CM
533,SUS303 φ10.0CM
534,SUS303 φ13.0CM
535,SUS303 φ13.0CM
536,SUS303 φ13.0CM
537,SUS303 φ13.0CM
538,C3604Lcd φ6.0
539,A5056 φ22.0 2m
540,SUS420F φ5.0G
541,C3604Lcd φ8.0 (NB5S)
542,C3604Lcd φ8.0 (NB5S)
543,C3604Lcd φ9.0 (NB5S)
544,CB156 φ9.0
545,C3604Lcd φ10.0 (NB5S)
546,CB156 φ10.0
547,C3604Lcd φ8.0
548,C3604Lcd φ8.0 (NB5S)
549,C3604Lcd φ8.0 (NB5S)
550,C3604Lcd φ8.0 (NB5S)
551,C3604Lcd φ8.0 (NB5S)
552,SUS303 φ9.0CM
553,"S25C φ5.9G (+5,0)  2m"
554,C3604（一般） φ21.0
555,C3604Lcd φ3.5
556,C3604Lcd φ2.5
557,ASK2600S φ20.0CM
558,C3604Lcd φ6.0
559,C3604Lcd φ6.0
560,C3604Lcd φ8.0
561,SF-13E φ4.0D
562,SUS303 φ5.0CM
563,SUS303 φ4.0CM
564,SUS303 φ5.0CM
565,SUS303 φ5.0CM
566,C3604Lcd φ5.0
567,C3604Lcd φ5.0
568,C3604Lcd φ5.0
569,C3604Lcd φ16.0
570,C3604Lcd φ16.0
571,C3604Lcd φ16.0
572,C3604Lcd φ5.0
573,C3604Lcd φ5.0
574,C3604Lcd φ5.0
575,C3604Lcd Hex6.0
576,SUS303 φ4.0CM
577,SUS303 φ5.0CM
578,C3604Lcd Hex8.0
579,C3604Lcd Hex8.0
580,C3604Lcd φ4.0
581,C3604Lcd φ4.0
582,G23-T8 φ16.0
583,POM（黒） φ10.0G  2m
584,SUS303 φ8.0CM
585,ASK2600S φ18.0CM
586,ASK2600S φ8.0CM
587,ASK2600S φ8.0CM
588,SUS304 φ9.0D
589,TLS φ14.0
590,ASK2600 φ14.0CM
591,C3604 A-Lcd φ10.0
592,SUS304 φ4.0
593,C3604 A-Lcd φ10.0
594,A5056 φ8.0 2m
595,A5056 φ8.0 2m
596,A5056 φ9.0 2m
597,A5056 φ10.0 2m
598,C3604Lcd φ12.0
599,A5056 φ12.0 2m
600,A5056 φ13.0 2m
601,CB156 φ6.0
602,C3604Lcd φ9.0 ﾀﾃﾒR P=0.785 36山
603,C3604 A-Lcd φ9.0(大木材)  ﾀﾃﾒR
604,SUS303 φ7.0CM
605,SUS303 φ4.0G
606,C3604Lcd φ5.0
607,C3604Lcd φ10.0
608,C3602Lcd φ10.0 (NB5N)
609,C3604Lcd φ12.0
610,C3604Lcd φ12.0
611,C3604Lcd φ3.0
612,C3604Lcd φ3.0
613,CB156 φ6.0
614,CB156 φ6.0
615,CB156 φ5.0
616,CB156 φ5.0
617,C3604Lcd φ7.0
618,C3604Lcd φ7.0
619,C3604Lcd φ7.0
620,C3604Lcd φ7.0
621,C3604Lcd φ7.0
622,C3604Lcd φ7.0
623,C3604Lcd φ7.0
624,C3604Lcd φ7.0
625,SUS303 Hex14.0  2m
626,SUS303 Hex14.0  2m
627,C3604Lcd φ3.0
628,C3604Lcd Hex8.0
629,C3604Lcd φ7.0
630,C3604Lcd φ6.0
631,C3604Lcd φ8.0 (NB5S)
632,C3604Lcd φ3.0
633,C3604Lcd φ3.0
634,C3604Lcd φ3.0
635,C3604 A-Lcd φ3.0
636,C3604Lcd φ3.0
637,A2017 φ8.0 2m
638,C3604Lcd φ3.0
639,SUS303 φ3.5G
640,SUS303 φ4.0CM （秋山）
641,C3604Lcd φ6.0 (ｻﾝｴﾂ)
642,S45CF φ13.0D
643,S45CFS φ12.0D
644,SKD11 φ14.0G  2m
645,ASK2600S φ17.0CM
646,ASK2600S φ16.0CM
647,ASK2600S φ10.0CM
648,SK4F φ8.0G  2m
649,SUS303 φ6.0G
650,ASK2600S φ10.0CM
651,ASK2600S φ10.0CM
652,ASK2600S φ10.0CM
653,ASK2600S φ10.0CM
654,SUS304 φ6.0G  2m
655,SDF φ7.0D
656,ASK2600S φ16.0CM
657,ASK2600S φ10.0CM
658,POM（白） φ10.0G  2m
659,ASK2600S φ10.0CM
660,ASK2600S φ10.0CM
661,ASK2600S φ10.0CM
662,S45CFS φ10.0D (S45CL2可）
663,S45CFS φ16.0D
664,SK4F φ8.0G  2m
665,SCM435 φ8.0D  2m
666,S45CFS φ12.0D (S45CL2可）
667,S45CF φ21.0D
668,S45CL2 φ22.0D
669,S45CFS φ19.0D (S45CL2)
670,S45CFS φ10.0D
671,ASK2600S φ10.0CM
672,ASK2600S φ10.0CM
673,ASK2600S φ9.0CM
674,S45CFS φ8.0D
675,S45CFS φ10.0D
676,S45CF φ8.0
677,SDF φ11.0D
678,S45CFS φ10.0D
679,A5056 φ19.0 2m
680,S45CFS φ14.0D (S45CL2)
681,S45CFS φ10.0D
682,S45CFS φ20.0D
683,S45CL2 φ32.0D
684,S45CFS φ16.0D
685,ASK2600S φ10.0CM
686,ASK2600S φ17.0CM
687,S45CFS φ8.0D
688,ASK2600S φ10.0CM
689,S45CFS φ10.0D
690,A5056 φ28.0 2m
691,SDF φ7.0D
692,A5056 φ22.0 2m
693,ASK2600 Hex5.5
694,ASK2600 Hex5.5
695,SF-20T φ9.0
696,SF-20T　
697,SUS303 φ4.5G
698,SUS303 φ3.0CM
699,SUS303 φ8.0D
700,"ASK2600 φ5.0G (+2,-4）"
701,ASK2600S φ8.0CM
702,ASK2600S φ8.0CM
703,ASK2600 φ8.0CM
704,ASK2600S φ8.0CM
705,ASK2600S φ8.0CM
706,ASK2600S φ8.0CM
707,SUS303 φ3.0G
708,SUS303 φ4.0G
709,SUS303 φ3.0CM
710,SUS303 φ2.0G  2.1m
711,SUS303 φ2.0G  2.1m
712,SUS303 φ5.0G
713,SUS303 φ5.0G
714,SUS303 φ3.0CM
715,SUS303 φ5.0G
716,SUS303 φ8.0D
717,SUS303 φ8.0D
718,C3604Lcd φ9.0
719,C3604Lcd φ9.0
720,C3604Lcd φ6.5
721,C3604（一般） φ7.0
722,A2017 φ8.0 2m
723,SUS303 φ4.0CM
724,SUS303 φ8.0CM
725,C3604Lcd φ3.0
726,C3604Lcd φ18.0
727,SUS303 φ4.0CM （秋山材）
728,SUS303 φ3.5
729,SUS303 φ3.0
730,SUS303 φ3.5
731,SUS303 φ4.0G
732,SUS303 φ4.0CM
733,SUS303 φ3.5G
734,C3604Lcd φ3.0
735,C3602Lcd φ3.0 (NB5N)
736,SUS303 φ3.0G
737,C3604Lcd φ3.5 (NB5S)
738,C3604Lcd φ3.5 (NB5S)
739,C3604Lcd φ3.5 (NB5S)
740,C3604Lcd φ6.0
741,C3604Lcd φ3.0
742,C3604Lcd φ12.0
743,C3604Lcd φ12.0
744,C3604Lcd φ12.0
745,C3604Lcd φ12.0
746,"SDF φ7.0D (-30,-50)"
747,C3602Lcd φ7.0 (NB5N)
748,SUS303 φ6.0CM
749,ASK2600S φ5.0CM
750,ASK2600S φ5.0CM
751,ASK2600S φ5.0CM
752,"SDF φ7.0D (-30,-50)"
753,SGD3M φ8.0D  2m
754,S45CL φ5.0D
755,C3602Lcd φ7.0 (NB5N)
756,SUY-B1 φ4.0G  2m
757,C3604Lcd φ9.0
758,C3604Lcd φ3.5
759,C3604Lcd φ5.0
760,"TLS φ4.0D (-10,-30)"
761,C3604Lcd φ3.5
762,SUS303 φ7.0CM
763,ASK2600S φ8.0CM
764,ASK2600S φ12.0CM
765,C3604（一般） φ6.0
766,SUS303 φ8.0CM
767,G23-T8 φ12.0
768,G23-T8 φ9.0
769,C3604Lcd φ7.0
770,C3604Lcd φ10.0
771,C3604Lcd φ7.0
772,C3604Lcd φ7.0 (NB5S)
773,C3604Lcd φ2.0
774,C3604Lcd φ7.0
775,C3604Lcd φ6.0
776,C3602Lcd φ4.0 ﾀﾃﾒR (NB5N) 延坂商店仕様
777,ASK2600 φ9.0CM
778,ASK2600S φ11.0CM
779,ASK2600 φ9.0CM
780,G23-T8 φ13.0
781,C3604Lcd φ13.0
782,G23-T8 φ13.0
783,CB156 φ6.0
784,CB156 φ17.0
785,G23-T8 φ9.0
786,G23-T8 φ11.0
787,SUS440C φ6.0G  2m
788,SUS304 φ8.0G  2m
789,ASK2600S φ6.0CM
790,ASK2600S φ6.0CM
791,ASK2600S φ6.0CM
792,ASK2600S φ6.0CM
793,SUS303 φ6.0CM
794,ASK2600S φ6.0CM
795,SUS303 φ6.0CM
796,SUS303Cu Hex10.0
797,ASK2600S φ9.0CM
798,SUS303 φ6.0G
799,C3604Lcd φ3.0
800,C3604Lcd φ3.0
801,C3604Lcd φ11.0
802,G23-T8 φ15.0 ﾀﾃﾒR P=1.0 (CB156)
803,SGD3M φ20.0D  2.0m
804,"TLS φ6.0D (-30,-50)"
805,ASK2600S φ10.0CM
806,ASK2600S φ14.0CM
807,ASK2600S φ18.0CM
808,ASK2600S φ18.0CM
809,SUS303 φ6.0CM
810,SUS303 φ6.0CM
811,SUS303 φ4.5G
812,C3604Lcd Hex4.0
813,C3604Lcd Hex4.0
814,C3604Lcd φ6.0
815,C3604Lcd φ6.0
816,C3604Lcd φ6.0
817,C3604Lcd φ6.0
818,C3604Lcd φ6.0
819,C3604Lcd φ6.0
820,C3604Lcd φ6.0
821,C3604Lcd φ6.0
822,C3604Lcd φ6.0
823,C3604Lcd Hex4.0
824,C3604Lcd Hex4.0
825,C3604Lcd Hex4.0
826,C3604Lcd Hex4.0
827,C3604Lcd Hex4.0
828,C3604Lcd Hex5.0
829,C3604Lcd Hex5.0
830,C3604Lcd Hex4.0
831,C3604Lcd Hex4.0
832,ASK2600 φ14.0CM
833,ASK2600 φ14.0CM
834,SDF φ13.5 ｱﾔﾒR
835,C3604Lcd φ2.5
836,C3602Lcd φ5.0 (NB5N)
837,C3604Lcd φ6.0
838,C3604Lcd φ5.0
839,SUS303 φ3.0CM
840,C3604Lcd φ18.0
841,ASK3000S φ8.0G
842,SUS303 φ6.0G
843,SUS303 φ6.0CM
844,SUS303 φ2.0G  2.1m
845,C5441 φ5.0
846,SUS303 φ5.0CM
847,SUS303 φ7.0CM
848,SUS303 φ5.0CM
849,SUS303 φ7.0CM
850,SUS303 φ7.0CM
851,SUS303 φ5.0CM
852,SUS303 φ10.0CM
853,SUS303 φ11.0D (下村)
854,G23-T8 φ11.0
855,G23-T8 φ11.0
856,G23-T8 φ12.0
857,SUS303 φ7.0CM
858,G23-T8 φ7.0
859,C1100H φ6.0
860,"SDF φ7.0D (-30,-50)"
861,"SDF φ7.0D (-30,-50)"
862,"SDF φ7.0D (-30,-50)"
863,"SDF φ7.0D (-30,-50)"
864,SUS303 φ14.0CM
865,SUS303 φ14.0CM
866,SGD400 φ24.0 (林精鋼）
867,ASK2600S φ8.0CM
868,SUS303 φ11.0CM
869,C1100 φ6.0
870,C1100 φ6.0
871,C1100H φ6.0
872,C1100H φ6.0
873,C1100H φ6.0
874,C1100 φ6.0
875,C1100 φ6.0
876,C1100 φ6.0
877,C1100 φ6.0
878,C1100 φ6.0
879,C1100 φ6.0
880,C1100 φ6.0
881,C1100 φ6.0
882,C1100 φ6.0
883,C1100 φ6.0
884,C1100 φ6.0
885,C1100 φ6.0
886,C1100 φ6.0
887,C1100 φ6.0
888,C1100 φ6.0
889,C1100 φ6.0
890,C1100 φ6.0
891,C1100 φ6.0
892,S45CF φ19.0D
893,SUS303 φ19.0CM
894,SUS303 φ19.0CM
895,SUS630 φ7.0G
896,SUS630 φ7.0G
897,G23-T8 φ9.0
898,"C6191 φ20.0G (0,-0.03)  2m"
899,SUS303Cu Hex5.5
900,SUS303Cu Hex5.5
901,SUS303Cu Hex5.5
902,SUS303Cu Hex5.5
903,SUS303Cu Hex5.5
904,【外：日光精機】
905,SUS303 φ8.0D
906,SUS303 φ8.0D
907,ASK2600S φ8.0
908,A5056 φ10.0 2m
909,A5056 φ10.0 2m
910,ASK2600S φ8.0CM
911,A5056 φ10.0 2m
912,SUS303 φ11.0CM
913,SUS303 φ8.0CM
914,SUS303 φ11.0CM
915,SUS303 φ10.0CM
916,C3604Lcd φ9.0
917,ASK2600S φ12.0CM
918,SUS303 φ6.0CM
919,SUS303 φ10.0CM
920,"SDF φ6.0 (-10,-30)"
921,ASK2600S φ8.0CM
922,ASK2600S φ12.0CM
923,"TLS φ5.0D (-10,-30）"
924,SGD3M φ13.0D  2.0m
925,ASK2600S φ10.0CM
926,C3602Lcd φ7.0 (NB5N)
927,SGD3M φ20.0  2.5m
928,"12L14 φ10.0D  (-30,-50)"
929,"12L14 φ10.0D  (-30,-50)"
930,"12L14 φ10.0D  (-30,-50)"
931,"12L14 φ10.0D  (-30,-50)"
932,"12L14 φ10.0D  (-30,-50)"
933,SWRM φ5.0D
934,C3604Lcd φ10.0
935,C3604Lcd φ8.0
936,CB156 φ13.0 (φ12.0から変更）
937,SUS303 φ6.0CM
938,G23-T8 φ26.0
939,C3602Lcd φ3.0 (NB5N)
940,SF-13E φ7.0D
941,SF-13E φ7.0D
942,SF-13E φ7.0D
943,ASK2600S φ15.0CM
944,ASK2600S φ8.0
945,ASK2600 φ9.0CM
946,ASK2600S φ15.0CM
947,ASK2600S φ15.0CM
948,ASK2600S φ8.0
949,SK4F φ7.0G  2m
950,SK4F φ7.0G  2m
951,C3604Lcd φ10.0
952,SUS303 φ10.0CM
953,A5056 φ10.0 2m
954,C3604 A-Lcd φ14.0
955,CB156 φ12.0
956,CB156 φ12.0
957,POM φ5.0G  2m
958,SUS303 φ5.0CM
959,SUS303Cu Hex10.0
960,C3604Lcd φ10.0
961,C3604Lcd φ32.0
962,C3604Lcd φ6.0
963,ASK2600S φ5.97CM
964,C3604（一般） φ11.0
965,SUS303 φ5.0CM　秋山
966,SUS303 φ10.0CM
967,C3604Lcd φ3.0
968,C3604Lcd φ10.0
969,CB156 φ22.0
970,ASK2600S φ8.0CM
971,ASK2600S φ10.0CM
972,ASK2600S φ10.0CM
973,ASK2600S φ10.0CM
974,ASK2600S φ10.0CM
975,ASK2600S φ10.0CM
976,ASK2600S φ10.0CM
977,ASK2600S φ10.0CM
978,ASK2600S φ10.0CM
979,C3604Lcd φ2.5
980,C3604Lcd φ3.0
981,CB156 φ9.0
982,SUS303 φ6.0CM
983,CB156 φ9.0
984,C3604Lcd φ7.0
985,SUS303 φ4.0CM
986,SUS303 φ3.0CM
987,CB156 φ9.0
988,SUS303 φ9.0CM
989,C3604Lcd φ6.0
990,A5056 φ7.0 2m　
991,C3604Lcd φ8.0
992,C3604Lcd φ5.0
993,C3604Lcd φ8.0
994,SUS304 φ9.0D
995,SUS304 φ10.0D
996,GT209 φ10.0
997,GT209 φ10.0
998,GT209 φ10.0
999,GT209 φ10.0
1000,GT209 φ10.0
1001,GT209 φ10.0
1002,GT209 φ10.0
1003,GT209 φ10.0
1004,GT209 φ10.0
1005,GT209 φ16.0
1006,GT209 φ16.0
1007,GT209 φ16.0
1008,GT209 φ10.0
1009,GT209 φ10.0
1010,CB156 φ6.0
1011,CB156 φ6.0
1012,C5441 φ12.0
1013,SUS303 φ12.0CM
1014,SUS303Cu Hex7.0
1015,CB156 φ9.0
1016,SUS303 φ12.0CM
1017,C3604Lcd φ7.0
1018,SUS303 φ6.0G
1019,C3604Lcd φ5.0
1020,C3604Lcd φ4.0
1021,A5056 φ4.0 2m (住軽材)
1022,C3604Lcd φ6.0
1023,C3604Lcd φ5.0
1024,POM（白） φ3.0  2m
1025,C3604Lcd φ3.0
1026,C3604Lcd φ10.0 (9.0可）
1027,SUS303 φ10.0CM
1028,SUS303 φ6.0CM
1029,CB156 φ9.0
1030,C3604Lcd φ6.0
1031,C3604Lcd φ10.0
1032,C3604Lcd φ10.0
1033,C3604Lcd φ10.0
1034,CB156 φ18.0
1035,A5056 φ10.0 2m
1036,C3604Lcd φ8.0
1037,A2017 φ13.0 2m
1038,A2017 φ13.0 2m
1039,A2017 φ13.0 2m
1040,C3604Lcd φ8.0
1041,SUS303Cu Hex7.0
1042,A6061 φ6.0G  2m
1043,CB156 φ9.0
1044,CB156 φ9.0
1045,C3604Lcd φ2.0
1046,C3604Lcd φ2.0
1047,CB156 φ7.0 （6.0）
1048,CB156 φ7.0
1049,GT209 φ10.0
1050,GT209 φ16.0
1051,SUS303 φ5.0CM
1052,SUS303 φ6.0CM
1053,A5056 φ30.0 2m
1054,CB156 φ6.0
1055,SUS303 φ10.0CM
1056,SUS303 φ10.0CM
1057,C3604Lcd φ8.0
1058,SUS303 φ8.0CM
1059,C3604Lcd φ7.0
1060,CB156 φ6.0
1061,S20C φ10.0D  1.5m
1062,BZ5A φ6.0 ｱﾔﾒR
1063,SUS303 φ2.5G （-10.-20）
1064,SK4F φ3.6G  2m
1065,SUS303 φ12.0CM
1066,SUY-B1 φ5.0D  2m
1067,ASK2600S φ8.0CM
1068,ASK2600S φ16.0CM
1069,ASK2600S φ16.0CM
1070,ASK2600S φ8.0CM
1071,ASK2600S φ12.0CM
1072,SUS303 φ6.0
1073,SK4F φ3.6G  2m
1074,C3604 SA-Lcd φ2.5
1075,C3604Lcd φ2.5
1076,C3604Lcd φ2.5
1077,SUS303 φ6.0CM
1078,SUS303 φ6.0CM
1079,SUS303 φ6.0G
1080,SUS303Cu Hex8.0
1081,C3604Lcd φ12.0
1082,SUS304 φ14.0D
1083,C3604Lcd φ2.5
1084,SF-20T φ3.0G
1085,SUS303 φ3.0
1086,SF-27E φ3.5D
1087,C3604Lcd φ19.0
1088,SUS303 φ7.0CM
1089,C3604Lcd φ3.0
1090,C3604Lcd φ9.0 (NB3S)
1091,C3604Lcd φ9.0 (NB3S)
1092,SUS303 φ10.0CM
1093,SUS303 φ16.0G
1094,SUS303 φ16.0G
1095,SUS303 φ4.0CM
1096,C2700T φ10.0×0.8t
1097,"SUS303 φ5.0G (-10,-20)"
1098,"SUS303 φ5.0G (-10,-20)"
1099,"SUS303 φ5.0G (-10,-20)"
1100,SUS303 φ9.0CM
1101,BZ5A φ6.5
1102,BZ5A φ5.0 ｱﾔﾒR
1103,BZ5A φ6.5
1104,BZ5A φ5.0 ｱﾔﾒR
1105,BZ5A φ6.0 ｱﾔﾒR
1106,BZ5A φ6.0 ｱﾔﾒR
1107,BZ5A φ5.0 ｱﾔﾒR
1108,BZ5A φ6.0
1109,BZ5A φ6.5
1110,BZ5A φ5.0
1111,BZ5A φ5.0
1112,BZ5A φ6.0
1113,BZ5A φ6.5
1114,BZ5A φ6.5
1115,BZ5A φ5.0 ﾀﾃﾒR P1.0
1116,BZ5A φ6.0
1117,BZ5A φ6.5
1118,BZ5A φ5.0 ｱﾔﾒR
1119,"ASK2600 φ5.0G (+2,-4）"
1120,SUS303 φ3.0CM
1121,SGD3M φ18.0D  2.0m
1122,A5056 φ11.0 2m
1123,A5056 φ11.0 2m
1124,SUS303 φ4.0CM
1125,SUS303 φ6.0CM
1126,SUS303 φ3.0CM
1127,SUS303Cu Hex4.5
1128,SUS303Cu Hex4.5
1129,C3604Lcd φ9.0
1130,S45CL2 φ18.0D
1131,C3604（一般） Hex12.0 A45
1132,A2017 φ32.0 2m
1133,A5056 φ10.0 2m
1134,A5056 φ10.0 2m
1135,A5056 φ10.0 2m
1136,C3604Lcd φ24.0
1137,C3604Lcd φ24.0
1138,C3604Lcd φ24.0
1139,C3604Lcd φ24.0
1140,C3604Lcd φ13.0
1141,C3604Lcd φ14.0
1142,C3604Lcd φ15.0
1143,C3604 A-Lcd φ3.0
1144,POM φ22.0G
1145,POM（白） φ16.0G  2m
1146,POM（白） φ16.0G  2m
1147,C3604Lcd Hex12.0
1148,SUS303Cu Hex8.0
1149,SUS303 φ16.0CM
1150,"SUS303 φ4.0G (-15,-25)"
1151,SUS303Cu φ3.0G
1152,SUS303 φ12.0CM
1153,SUS303 φ12.0CM
1154,SUS303 φ12.0CM
1155,SUS303 φ12.0CM
1156,SUS303 φ10.0CM
1157,C3604Lcd φ8.0
1158,S45CL2 φ7.0Ｄ
1159,YST1 Hex10.0
1160,SUS303 φ4.0CM
1161,TLS φ8.0
1162,ASK2600S φ8.0
1163,ASK2600S φ8.0CM
1164,SUS303 φ4.0CM
1165,SUS303 φ4.0CM
1166,SDF φ4.0D
1167,SDF φ4.0D
1168,TLS φ3.0D
1169,C3602Lcd φ5.0 (NB5N)
1170,SDF φ4.0D
1171,CB156 φ5.0
1172,CB156 φ5.0
1173,CB156 φ5.0
1174,CB156 φ5.0
1175,CB156 φ5.0
1176,SUS303 φ4.0G
1177,C3604Lcd φ2.5
1178,C3604Lcd φ2.5
1179,C3604Lcd φ2.5
1180,C3604Lcd φ3.5
1181,C3604Lcd φ3.0
1182,C3604Lcd φ3.0
1183,C3604Lcd φ3.0
1184,C3604Lcd φ2.5
1185,C3604Lcd φ3.0
1186,C3604Lcd φ3.0
1187,C3604Lcd φ2.5
1188,C3604Lcd φ2.5
1189,C3604Lcd φ2.5
1190,C3604Lcd φ2.5
1191,C3604Lcd φ2.5
1192,C3604Lcd φ2.5
1193,C3604Lcd φ3.5
1194,C3604Lcd φ3.5 (NB5T)
1195,C3604Lcd φ3.5 (NB5T)
1196,C3604Lcd φ3.5 (NB5T)
1197,C3604Lcd φ2.5
1198,C3604Lcd φ2.5
1199,C3604Lcd φ2.5
1200,C3604Lcd φ2.5
1201,C3604Lcd φ2.5
1202,C3604Lcd φ2.5
1203,C3604Lcd φ2.5
1204,C3604Lcd φ2.5
1205,C3604Lcd φ12.0
1206,C3604Lcd φ17.0
1207,C3604Lcd φ12.0
1208,C3604Lcd φ12.0
1209,C3604Lcd φ12.0
1210,C3604Lcd φ12.0
1211,C3604Lcd φ18.0
1212,SF-20T φ5.0G
1213,SUS304 φ4.0G  2m
1214,SUS303 φ15.0CM
1215,"TLS φ6.0 (-10,-30)"
1216,SUS303G　φ5.0
1217,SUS303 φ12.0
1218,"SDF φ6.0 (-30,-50)"
1219,SUS303 φ4.5
1220,SUS303 φ4.0CM
1221,SUS303 φ5.0CM
1222,SUS303 φ7.0CM
1223,SUS303 φ4.0CM
1224,SUS303 φ3.5
1225,SUS303 φ4.0
1226,SUS304相当材 φ4.17 (支給材)
1227,SUS304相当材 φ5.8 (支給材)
1228,TLS φ3.0D
1229,"SDF φ4.0D (0,-20）"
1230,TLS φ3.0D
1231,SUS303 φ3.0CM
1232,SUS630 φ3.0G  2m
1233,SUS630 φ3.0G  2m
1234,SUS630 φ3.0G  2m
1235,TLS φ7.0D
1236,TLS φ6.0D
1237,TLS φ3.5D
1238,TLS φ3.5D
1239,SUS303 φ3.0CM
1240,SUS303 φ4.0CM
1241,C3604Lcd φ7.0
1242,SUS303 φ7.0CM
1243,C3604 A-Lcd φ9.0
1244,C3604Lcd φ8.0
1245,C3604Lcd φ8.0
1246,C3604Lcd φ6.0
1247,C3604Lcd φ6.0
1248,YST1 φ14.0
1249,YST1 φ12.0
1250,SUS304 φ12.0D
1251,BZ5A φ7.0
1252,C3604Lcd φ14.0
1253,C3604Lcd Hex21.0
1254,SUS303 φ22.0CM
1255,SUS303 φ20.0CM
1256,C3604 （一般） Hex22.0
1257,SUS303 Hex17.0  2m
1258,C3604(一般) φ20.0
1259,SGD3M φ10.0D  2.0m
1260,SGD3M φ16.0D  2.0m
1261,SGD3M φ18.0D  2.0m
1262,SGD3M φ18.0D  2.0m
1263,SUS304 φ8.0G  2m
1264,SUS304 φ8.0D
1265,SUS304 φ9.0D
1266,SUS304 φ10.0G  2m
1267,SUS304 φ10.0D
1268,SUS304 φ8.0D
1269,SUS304 φ10.0D
1270,SGD3M φ10.0D　1.5m（3m材半切）
1271,SGD3M φ18.0D  2.0m
1272,SGD3M φ18.0D  2.0m
1273,SUS304 φ10.0D
1274,SGD3M φ12.0D  2.0m
1275,SUS304 φ12.0D
1276,SUS303 φ6.0CM
1277,SUS303 φ8.0CM
1278,SUS303 φ7.0CM
1279,SUS303 φ8.0CM
1280,C3604Lcd φ6.0
1281,C3604Lcd φ11.0
1282,C3604Lcd φ3.5
1283,C3604Lcd φ18.0
1284,C3604Lcd φ18.0
1285,C3604Lcd φ8.0
1286,C3604Lcd φ8.0
1287,C3602Lcd φ10.0 (NB5N)
1288,C3602Lcd φ10.0 (NB5N)
1289,C3602Lcd φ10.0 (NB5N)
1290,ASK2600S φ13.0CM
1291,SUS303 φ4.0CM
1292,SUS303 φ4.0CM
1293,SUS303 φ4.0CM
1294,SUS303 φ4.0CM
1295,SUS303 φ4.0CM
1296,SUS303 φ4.0CM
1297,SUS303 φ4.0CM
1298,SUS303 φ4.0CM
1299,SUS303 φ4.0CM
1300,SUS303 φ4.0CM
1301,SUS303 φ3.0CM
1302,SUS303 φ3.0CM
1303,SUS303 φ3.0CM
1304,SUS303G　φ17.0
1305,SUS303G　φ17.0
1306,SUS303G　φ17.0
1307,SUS303 φ5.0CM
1308,SUS303 φ11.0CM
1309,SUS303 φ11.0CM
1310,SUS303 φ4.0CM
1311,SUS303 φ8.0CM
1312,SUS304 Hex5.0  2m
1313,SUS420F φ5.0G ｻﾝﾄｸ製 ﾅｶﾆｼ様向
1314,SUS304 Hex5.0
1315,S45C φ18.0D  2.5m 母材(大同特殊鋼)・伸線(下村)min2t/LT/4M
1316,SUS303 φ13.0CM
1317,SGD3M φ12.0D  2m
1318,SUS303 φ7.0CM
1319,SUS303 φ7.0CM
1320,SUS303 φ7.0CM
1321,SUS303 φ7.0CM
1322,SUS303 φ7.0CM
1323,C3604Lcd φ9.0
1324,C3604Lcd φ8.0
1325,C3604Lcd φ8.0
1326,POM（白） φ16.0G   2m
1327,SUS303Cu Hex5.5
1328,SUS420F φ5.0G
1329,SUS303 φ5.0G
1330,SUS303 φ5.0CM
1331,C3604Lcd φ5.0
1332,A6061 φ10.0G  2m
1333,SUS303 φ5.0CM
1334,SUS420F φ5.0G
1335,S45CL2 φ16.0D
1336,S45CL2 φ10.0D
1337,S45CL2 φ16.0Ｄ
1338,YST1 Hex12.0
1339,SUS303 φ6.0CM
1340,C3604Lcd φ25.0
1341,C3604Lcd φ25.0
1342,C3604Lcd Hex8.0
1343,C3604Lcd φ9.0
1344,C3604Lcd Hex8.0
1345,C3604Lcd φ9.0
1346,C3604Lcd Hex8.0
1347,C3604Lcd Hex8.0
1348,C3604Lcd φ6.0
1349,SUS303 φ1.5G  2.1m
1350,SUM22 Hex22.0 （支給材）
1351,C3604Lcd φ3.5
1352,SUS304 φ6.0D
1353,"SUS304 φ5.27D (+10,-10)"
1354,"SUS304 φ5.27D (+10,-10)"
1355,SGD3M φ16.0D  2.0m
1356,SUS303 φ5.0CM
1357,SUS303 φ6.0G
1358,SUS303 φ6.0G
1359,SUS303 φ6.0G
1360,A2024-T4 φ8.5 or φ10.0 (支給材)
1361,A2014-T4 φ12.0 (支給材)
1362,AMS4612 ﾈｰﾊﾞﾙ黄銅 φ12.3  1.5m （支給材）
1363,A2219-T6 φ5.56 (支給材)
1364,C3604Lcd Hex5.0
1365,C3604Lcd Hex4.0
1366,C3604Lcd Hex4.0
1367,C3604Lcd Hex5.0
1368,C3604Lcd Hex5.0
1369,C3604Lcd Hex4.0
1370,C3604Lcd Hex4.0
1371,C3604Lcd Hex4.0
1372,C3604Lcd φ12.0
1373,YST1 φ10.0
1374,ASK2600S φ6.0CM
1375,C3604Lcd □4.8
1376,C3604Lcd □4.8
1377,C3604Lcd □4.8
1378,C3604Lcd □4.8
1379,C3604Lcd □4.8
1380,C3604Lcd □4.8
1381,C3604Lcd □4.8
1382,C3604Lcd □4.8
1383,C3604Lcd □4.8
1384,C3604Lcd □4.8
1385,C3604Lcd □5.0
1386,C3604Lcd □4.8
1387,C3602Lcd Hex12.0 (A36NP指定)
1388,YST1 φ16.0
1389,A7075-T6 Hex7.14 （客先支給）
1390,A7075-T6 Hex7.14 （客先支給）
1391,A7075-T6 Hex7.14 （客先支給）
1392,A7075-T6 Hex7.14 （客先支給）
1393,A7075-T6 Hex7.14 （客先支給）
1394,A7075-T6 Hex8.78 （客先支給）
1395,A7075-T6 Hex7.14 （客先支給）
1396,A7075-T6 Hex7.14 （客先支給）
1397,A7075-T6 Hex7.14 （客先支給）
1398,A7075-T6 Hex8.78 （客先支給）
1399,A7075-T6 Hex8.78 （客先支給）
1400,A7075-T6 Hex8.78 （客先支給）
1401,A2219-T6 φ14.0 (支給材)
1402,A6061 φ9.0 (支給材)
1403,SUS303Cu φ10.0D
1404,A6061-T6 φ31.0  2.5m 日伸
1405,SKD11 φ21.0G  2m
1406,SF-13E φ6.0D
1407,SF-13E φ6.0D
1408,"SF-13 φ4.0G （-20,-30）"
1409,SF-13E φ6.0D
1410,SF-13E φ8.0D
1411,SF-13E φ8.0D
1412,SF-13E φ8.0D
1413,ASK2600S φ5.98CM
1414,SF-13E φ5.0G
1415,SF-13E φ4.0G
1416,ASK2600 φ5.98CM
1417,TLS φ6.0D
1418,"SUS303 φ4.0G (-10,-20)"
1419,C3604Lcd φ9.0
1420,C3604Lcd φ10.0 (9.0可）
1421,C3604（一般） φ4.0
1422,C3604Lcd φ10.0
1423,C3604Lcd φ8.0
1424,C3604Lcd φ2.5
1425,C3604Lcd φ2.5
1426,S45CFS φ19.95G
1427,SUS303 φ8.0CM
1428,SUS304 φ6.0D
1429,C3604Lcd φ20.0
1430,C3604Lcd φ4.0
1431,C3604Lcd φ12.0
1432,ASK2600S φ8.0
1433,SUS420F φ11.0G
1434,C3604Lcd Hex12.0
1435,C3604Lcd Hex12.0
1436,C3604Lcd Hex12.0
1437,ASK2600S φ7.97CM
1438,SF-27E φ3.0
1439,SF-27E φ3.0D
1440,SF-27E φ3.0G
1441,TLS φ5.7 ﾀﾃﾒR
1442,SUS304 φ3.5G  2m
1443,SUS303 φ6.0CM
1444,ASK500F φ9.0G  2m
1445,ASK500F φ9.0G  2m
1446,C3604Lcd φ3.0
1447,C3604Lcd φ3.0
1448,SUS303 φ11.0 ｱﾔﾒR m=0.2
1449,SUS303 φ8.5 ｱﾔﾒR m=0.25
1450,SUS303 φ8.0 ｱﾔﾒR m=0.2
1451,SUS420F φ5.2D
1452,SUS420F2 φ5.1
1453,SUS420F φ4.1D
1454,SUS303Cu Hex8.0
1455,SUS303Cu Hex8.0
1456,SUS304 φ16.0D
1457,C6782 Hex7.0 (支給材)
1458,SF-13E φ6.0D
1459,SF-13E φ8.0D
1460,C6782 Hex7.0 (支給材)
1461,C6782 Hex7.0 (支給材)
1462,C6782Lcd Hex7.0 (支給材)
1463,C6782 Hex7.0 (支給材)
1464,C6782 Hex7.0 (支給材)
1465,SUS303 φ10.0CM
1466,C3604Lcd Hex14.0
1467,SUS304 φ8.0D
1468,C3604（一般） φ10.0
1469,SUS303 φ14.0G
1470,A6061-T6 φ26.0  2.5m ﾚｿﾞﾅｯｸ
1471,C3604Lcd φ9.0
1472,SUS303 φ8.0CM
1473,C3604Lcd φ12.0
1474,C3604Lcd φ17.0
1475,SUS303 φ5.0CM
1476,SUS303 φ4.6 ｱﾔﾒR M0.2
1477,SUS303 φ4.6 ｱﾔﾒR M0.2
1478,SUS303 φ7.0CM
1479,SUS303 φ5.0G
1480,SUS303 φ10.0G
1481,S45CL2 φ12.0D
1482,S45CL2 φ12.0D　※端材保管
1483,TLS φ7.0D
1484,TLS φ6.0D
1485,TLS φ3.0D
1486,TLS φ3.0D
1487,SUS303 φ4.0CM
1488,SUS303 φ3.0CM
1489,TLS φ3.0D
1490,C3604Lcd φ10.0 (NB5S)
1491,C3604Lcd φ10.0 (NB5S)
1492,C3604Lcd φ10.0
1493,C3604Lcd φ10.0
1494,C3604Lcd φ10.0
1495,C3604Lcd φ10.0
1496,C3604Lcd φ10.0
1497,C3604Lcd φ10.0
1498,SK4F φ3.5G  2m
1499,SK4F φ3.0G  2m
1500,"SUS420F φ2.0G (-2,-8) 1.995狙い  2m"
1501,"SUS420F φ2.0G (-2,-8) 1.995狙い  2m"
1502,"SUS420F φ2.0G (-2,-8) 1.995狙い  2m"
1503,SUS303 φ2.0G  2.1m
1504,"SUS420F φ2.0G (-2,-8) 1.995狙い  2m"
1505,"SUS420F φ2.0G (-2,-8) 1.995狙い  2m"
1506,"SUS420F φ2.0G (-2,-8) 1.995狙い  2m"
1507,SK4F φ3.5G  2m
1508,C3604Lcd φ10.0
1509,C3604Lcd φ10.0
1510,C3604Lcd φ13.0
1511,C3604Lcd φ13.0
1512,C3604Lcd φ13.0
1513,A7075 φ18.0G  2m
1514,A7075 φ18.0G  2m
1515,C5341 φ15.0
1516,SCM415 φ9.0  1.5m
1517,SCM415 φ5.0D  1.5m
1518,SK4F φ6.0G  2m
1519,SCM415 φ6.0D  1.5m
1520,C3604Lcd φ15.0
1521,A5052 φ20.0D 2m
1522,SUS420F φ6.0G
1523,C6782Lcd φ6.0  2m
1524,C6782Lcd φ6.0  2m
1525,C6782Lcd φ6.0  2m
1526,C6782Lcd φ6.0  2m
1527,C6782Lcd φ6.0  2m
1528,C6782Lcd φ6.0  2m
1529,C6782Lcd φ6.0  2m
1530,C3604Lcd φ8.0
1531,SUS303 φ7.0CM
1532,SUS303 φ7.0CM
1533,SUS303 φ7.0CM
1534,SUS303 φ8.0CM
1535,SUS303 φ8.0CM
1536,SUS303Cu Hex5.0
1537,C3604Lcd φ3.0
1538,C3604Lcd φ10.0
1539,SUS303 φ7.0CM
1540,SUS303 φ7.0CM
1541,SUS303 φ7.0CM
1542,SUS303 φ10.0CM
1543,SUS303 φ10.0CM
1544,SUS303 φ10.0CM
1545,SUS303 φ6.0CM
1546,SF-27E φ3.0G
1547,S20C φ10.0D  1.5m
1548,SUS303 φ4.0CM
1549,S45CF φ10.0D
1550,A6061 φ10.0G  2m
1551,S45CF φ10.0D
1552,S45CF φ10.0D
1553,SUS303 φ7.0CM
1554,"SUS303 φ3.5G (-15,-25)"
1555,SUS303 φ4.0CM
1556,SUS303 φ4.0CM
1557,SUS303 φ7.0CM
1558,SUS303 φ6.0CM
1559,SUS303 φ7.0CM
1560,SUS303 φ7.0CM
1561,SUS303 φ8.0CM
1562,C3604Lcd φ8.0
1563,SUS416 φ5.0G
1564,C3604Lcd φ18.0
1565,C3604Lcd φ12.0
1566,SUS303 φ18.0CM
1567,SUS303 φ16.0CM
1568,S45CL2 φ12.0D
1569,SUS416 φ18.0G ｻﾝﾄｸ製 C11以上 ﾅｶﾆｼ様向
1570,BZ5A φ6.0 ｱﾔﾒR
1571,A5056 φ10.0 2m
1572,CB156 φ10.0
1573,A5056 φ9.0 2m
1574,CB156 φ9.0
1575,A5056 φ7.0 2m
1576,CB156 φ7.0
1577,
1578,C3604Lcd φ13.0
1579,C3604Lcd φ15.0
1580,SCM415 φ10.0  1.5m
1581,POM（白） φ12.0G  2m
1582,CB156 φ6.0
1583,CB156 φ6.0
1584,CB156 φ6.0
1585,CB156 φ6.0
1586,C3604Lcd φ7.0
1587,CB156 φ7.0
1588,CB156 φ7.0
1589,CB156 φ7.0
1590,CB156 φ7.0
1591,CB156 φ7.0
1592,S45CF φ20.0D
1593,SUS304 φ5.0D
1594,SUS304 φ6.0D
1595,C3604Lcd φ9.0
1596,C3604Lcd φ10.0
1597,C3604Lcd φ15.0
1598,C3604Lcd φ3.5 (NB5S)
1599,C3604Lcd φ17.0
1600,C3604Lcd φ19.0
1601,C3604Lcd φ21.0
1602,C3604Lcd φ5.0
1603,SUS303Cu Hex10.0
1604,SUS303Cu Hex10.0
1605,C3604Lcd φ6.0
1606,C3604Lcd φ7.0
1607,C3604Lcd φ9.0
1608,SUS303 φ9.0CM
1609,C3604Lcd φ10.0
1610,C3604Lcd φ11.0
1611,SUS303 φ11.0CM
1612,C3604Lcd φ12.0
1613,C3604Lcd φ14.0
1614,C3604Lcd φ17.0
1615,C3604Lcd φ19.0
1616,C3604Lcd φ20.0
1617,C3604Lcd φ7.0
1618,C3604Lcd φ8.0
1619,C3604Lcd φ9.0
1620,C3604Lcd φ10.0
1621,C3604Lcd φ11.0
1622,C3604Lcd φ12.0
1623,C3604Lcd φ12.0
1624,C3604Lcd φ15.0
1625,C3604Lcd Hex14.0
1626,C3604Lcd Hex8.0
1627,C3604Lcd Hex8.0
1628,SUS316 φ19.0D  2m
1629,SUS304 φ19.0D
1630,SUS304 φ21.0D  2m
1631,C3604Lcd φ4.0
1632,SUS420F φ5.0G
1633,C3602Lcd φ6.0
1634,C3604Lcd φ3.0
1635,SCM435 φ4.0D  2m
1636,SUS303 φ9.0CM
1637,C3604Lcd φ5.0
1638,SUS303 φ20.0CM
1639,C3604Lcd φ22.0
1640,C3604Lcd φ26.0
1641,C3604Lcd φ26.0
1642,C3604Lcd Hex24.0
1643,C3604Lcd φ6.0
1644,C3604Lcd φ8.0
1645,C3604Lcd φ9.0
1646,C3604Lcd φ8.0
1647,C3604Lcd φ10.0
1648,SUS303 φ10.0
1649,C3604Lcd φ12.0
1650,C3604Lcd φ14.0
1651,C3604 A-Lcd φ14.0
1652,C3604Lcd φ17.0
1653,C3604Lcd φ15.0
1654,C3604Lcd φ19.0
1655,SUS303 φ17.0CM
1656,SUS303 φ17.0CM
1657,C3604Lcd φ6.0
1658,C3604Lcd φ6.0
1659,C3604Lcd φ7.0
1660,C3604Lcd φ7.0
1661,C3604Lcd φ7.0
1662,C3604Lcd φ8.0 (NB5S)
1663,C3604Lcd φ8.0
1664,C3604Lcd φ8.0 (NB5S)
1665,C3604Lcd φ8.0
1666,C3604Lcd φ11.0
1667,C3604Lcd φ12.0
1668,C3604Lcd φ12.0 (NB5S)
1669,C3604Lcd φ8.0
1670,C3604Lcd φ8.0
1671,C3604Lcd φ8.0
1672,C3604Lcd φ8.0
1673,C3604Lcd φ10.0
1674,C3604Lcd φ9.0
1675,C3604 A-Lcd φ9.0
1676,C3604Lcd φ16.0
1677,C3604Lcd φ9.0
1678,C3604Lcd φ9.0
1679,C3604Lcd φ14.0
1680,C3604Lcd φ14.0
1681,C3604Lcd φ14.0
1682,C3604Lcd φ14.0
1683,C3604Lcd φ14.0 (NB5S)
1684,C3604Lcd φ14.0
1685,C3604Lcd φ11.0 (NB5S)
1686,C3604Lcd φ21.0
1687,C3604Lcd φ10.0
1688,C3604Lcd φ10.0
1689,C3604Lcd φ8.0
1690,C3604Lcd φ5.0
1691,C3604Lcd φ6.0
1692,C3604Lcd φ12.0
1693,C3604Lcd φ8.0
1694,C3604Lcd φ14.0
1695,SUS304 φ4.0G  2m
1696,C3604Lcd φ9.0
1697,C3604Lcd φ10.0
1698,C3604Lcd φ10.0
1699,SUS303 φ6.0CM
1700,SUS303 φ6.0CM
1701,SUS303 φ6.0CM
1702,SUS303 φ7.0CM
1703,SUS303 φ7.0CM
1704,"SF-13E φ6.0G (-10,-20)　"
1705,SUS420F φ6.1D (支給材）
1706,SUS420F φ6.1D (支給材）
1707,TLS φ15.0D
1708,ASK2600S φ12.0CM
1709,ASK2600S φ17.0CM
1710,C3604（一般） Hex6.0
1711,C3604Lcd Hex7.0
1712,C3604Lcd Hex5.5
1713,SUS303 φ5.0CM
1714,C3604Lcd φ9.0
1715,SUS303 φ11.0CM
1716,SUS303 φ11.0CM
1717,SUS303 φ6.0CM
1718,SUS303 φ7.0CM
1719,SUS303 φ7.0CM
1720,SUS303 φ9.0CM
1721,SUS303 φ9.0CM
1722,SUS303 φ6.0CM
1723,SUS303 φ6.0CM
1724,S45CFS φ12.0D
1725,SUS303 φ5.0CM
1726,SUS303 φ7.0CM
1727,C3604Lcd φ6.0
1728,C3604Lcd φ6.0
1729,C3604Lcd φ6.0
1730,C3604Lcd φ6.0
1731,SUS303 φ18.0CM
1732,C3604Lcd φ15.0
1733,TLS φ6.0D
1734,BZ5A φ5.0
1735,BZ5A φ5.0
1736,BZ5A φ5.0
1737,SCM435 φ12.0D  2m
1738,SCM435 φ12.0D  2m
1739,A5056 φ4.0 2m (住軽材)
1740,C3604（一般） Hex5.5
1741,BZ5A φ6.0 ｱﾔﾒR
1742,ASK2600S φ9.0CM
1743,SUS303 φ14.0G
1744,BZ5A φ6.0 ｱﾔﾒR
1745,ASK2600S φ9.0CM
1746,SUS303 φ6.0CM
1747,SUS303 φ14.0CM
1748,ASK2600S φ16.0CM
1749,ASK2600S φ20.0CM
1750,ASK2600S φ20.0CM
1751,SUS303 φ12.0CM
1752,
1753,SUS303 φ18.0CM
1754,C3602Lcd φ3.5 ｱﾔﾒR
1755,A6061 φ10.0G  2m
1756,CB156 φ5.0
1757,C3604 A-Lcd φ6.0 (焼鈍材) (支給材)
1758,C3602Lcd φ8.0 (NB5N)
1759,CB156 φ5.0
1760,C3604Lcd φ3.0
1761,A6061 φ20.0G  2m
1762,C3604Lcd φ4.0 (大木材)
1763,SUS420F φ5.0G
1764,SUS303 φ15.0 ｱﾔﾒR P=0.785
1765,SDF φ3.0D
1766,SGD3M φ12.0D  2.0m
1767,SGD3M φ12.0D  2.0m
1768,"ASK2200R φ6.0G (-26,-34)"
1769,"ASK2200R φ5.0G (-26,-34)"
1770,C3604Lcd φ16.0
1771,SUS303 φ4.0G
1772,SUS303 φ4.0CM
1773,C3604Lcd φ16.0
1774,C3604Lcd φ16.0
1775,C3604Lcd φ3.0
1776,C3604Lcd φ3.0
1777,C3604Lcd φ2.5
1778,C3604Lcd φ7.0
1779,C3604Lcd φ9.0
1780,SUS303 φ20.0CM
1781,C3604Lcd φ2.5
1782,SUS303 φ5.0CM
1783,SUS303 φ13.0CM
1784,SUS303 φ7.0CM
1785,SUS303 φ3.0CM
1786,C3604Lcd φ5.0
1787,C3604Lcd φ5.0
1788,SUS303Cu Hex5.5
1789,S93D φ12.0G  2m (客先支給→協栄で研磨）
1790,ASK2600S φ11.0CM
1791,ASK2600S φ11.0CM
1792,S45C φ26.0 (支給材)
1793,S45C φ26.0 (支給材)
1794,C3604Lcd φ7.0
1795,C3604Lcd φ7.0
1796,C3604Lcd φ7.0
1797,C3604Lcd φ13.0
1798,C3604Lcd φ13.0
1799,S45CFS φ6.0D
1800,S45CFS φ8.0D
1801,SUS303 φ6.0CM
1802,ASK2600S φ8.0
1803,ASK2600S φ8.0CM
1804,CB156 φ10.0
1805,CB156 φ10.0
1806,CB156 φ10.0
1807,SUS303Cu Hex5.0
1808,A2017 φ5.0 2m
1809,ASK2600S φ8.0CM
1810,A2017 φ5.0 2m
1811,A2017 φ6.0 2m
1812,C3604Lcd φ5.5
1813,C3604Lcd φ5.0 (NB5S)
1814,C3604Lcd φ7.0 (NB5S)
1815,C3604Lcd φ16.0
1816,G23-T8 φ16.0
1817,C3604Lcd φ4.0 (NB5S)
1818,C3604Lcd φ9.0 (NB5S)
1819,A2017 φ5.0 2m
1820,YST1 φ14.0
1821,YST1 φ16.0
1822,A2017 φ6.0 2m
1823,C3604Lcd φ8.0 (NB5S)
1824,C3604Lcd φ8.0 (NB5S)
1825,C3604Lcd φ10.0 (NB5S)
1826,C3604Lcd φ4.0 (NB5S)
1827,A2017 φ5.0 2m
1828,C3604Lcd φ8.0 (NB5S)
1829,G23-T8 φ8.0
1830,A2017 φ6.0 2m
1831,C3604Lcd φ6.0 (NB5S)
1832,G23-T8 φ12.0
1833,C3602Lcd Hex10.0 (ﾒｰｶｰ不問)
1834,YST1 φ6.0
1835,C3602Lcd φ8.0 (MBB-2B or NB5N 他)
1836,YST1 φ14.0
1837,C3604Lcd φ9.0 (NB5S)
1838,C3604Lcd φ9.0 (NB5S)
1839,C3604Lcd φ9.0 (NB5S)
1840,C3604Lcd φ8.0 (NB5S)
1841,C3602Lcd φ10.0 (NB5N 他)
1842,ASK2600S Hex8.0
1843,ASK2600S Hex5.5
1844,ASK2600S Hex8.0
1845,G23-T8 φ28.0
1846,C3604Lcd φ8.0 (NB5S)
1847,C3604Lcd φ9.0 (NB5S)
1848,SUS303 φ6.0G (ｼﾙﾊﾞｰﾛｯﾄﾞ材）
1849,SUS303 φ4.0CM
1850,"SCM415 φ12.0G (-30,-40)   1.5m"
1851,ASK2600S φ14.0CM
1852,SUS303 φ5.0CM
1853,C3604Lcd φ3.5
1854,"SUM24EZC φ6.0G (-26,-34)"
1855,SDF φ4.0
1856,SUS303 φ4.0CM
1857,SUS303 φ4.0CM
1858,A5056 φ13.0 2m
1859,A5056 φ10.0 2m (日経金)
1860,A5056 φ10.0 2m
1861,SUS303 φ13.0CM
1862,SUS303 φ18.0CM
1863,SUS303 φ21.0CM
1864,ASK2600S φ23.0CM
1865,ASK2600S φ23.0CM
1866,A5056 φ13.0 2m
1867,C3604Lcd φ19.0
1868,C3604Lcd Hex15.0
1869,SUS303 φ12.0CM
1870,C3604Lcd Hex10.0
1871,ASK2600S φ8.0CM
1872,SUS303 φ10.0CM
1873,BZ5A φ8.0
1874,BZ5A φ7.0
1875,ASK2200R φ4.0CM
1876,ASK3000T φ6.0G
1877,C3604Lcd φ6.0 ﾀﾃﾒR
1878,C3604Lcd φ9.0
1879,C3604Lcd φ9.0
1880,C3604Lcd φ9.0
1881,C3604Lcd φ9.0
1882,SF-13E φ6.0D
1883,SF-13E φ6.0D
1884,TLS φ7.0D
1885,SDF φ6.0D
1886,SDF φ6.0D
1887,ASK2600S φ4.0CM
1888,SUS303 φ6.0CM
1889,ASK2600S φ4.0CM
1890,C3604Lcd φ5.0
1891,C3602Lcd φ3.0
1892,C3602Lcd φ9.0 (NB5N)
1893,SUS303Cu φ11.0D
1894,SUM22φ8.165G
1895,SUS303 φ12.0CM
1896,SUS303 φ30.0G
1897,C3604Lcd φ8.0
1898,C3604Lcd φ8.0
1899,C3604Lcd Hex5.0 (NB3T)
1900,C3604Lcd φ7.0 (NB3T)
1901,C3604Lcd φ7.0 (NB3S)
1902,C3604Lcd φ7.0 (NB3T)
1903,C3604Lcd φ4.5
1904,C3604Lcd φ3.0
1905,ASK2600 Hex8.0
1906,ASK2600 Hex8.0
1907,ASK2600 Hex8.0
1908,SUS303 φ4.0CM
1909,ASK2600 Hex10.0
1910,ASK2600 Hex10.0
1911,ASK2600 Hex12.0
1912,ASK2600 Hex12.0
1913,ASK2600S Hex17.0
1914,ASK2600S Hex17.0
1915,SUM24L Hex19.0
1916,SUM24L Hex19.0
1917,A2017 φ10.0 2m
1918,SUS303 φ5.0CM
1919,SF-13E φ8.0G (-10～-12狙い)
1920,C3604Lcd φ5.0
1921,C3604Lcd φ2.5
1922,SUS303cu φ5.0CM
1923,SUS303cu φ5.0CM
1924,C3604Lcd φ8.0 (NB3S)
1925,SUS304 φ17.0G  2m
1926,SUS303 φ7.0CM
1927,C3604Lcd φ10.0
1928,C3604Lcd Hex12.0
1929,C3604Lcd φ3.0
1930,C3604Lcd φ6.0
1931,C3604Lcd φ6.0
1932,TLS φ3.0D
1933,C3604Lcd φ15.0
1934,C3604Lcd φ15.0
1935,SUS303 φ8.0CM
1936,S45CFS φ6.0D
1937,SUS303 φ6.5G
1938,SUS303 φ4.0CM
1939,TLS φ7.0D
1940,"SUS303 φ2.5G (+6,0)"
1941,C3604Lcd φ22.0
1942,A5056 φ7.0 2m
1943,SF-20T φ4.0G
1944,C3604Lcd φ10.0 ﾀﾃﾒR P=0.628 50山
1945,C3604Lcd φ6.0
1946,C3604Lcd φ8.0
1947,SUS304 φ8.0D
1948,SUS304 φ8.0D
1949,C3604Lcd φ8.0
1950,SUS304 φ20.0D  2m
1951,SUS304 φ21.0D  2m
1952,SUS304 φ21.0D  2m
1953,C3604Lcd φ6.0
1954,C3604Lcd φ6.0
1955,C3604Lcd φ6.0
1956,C3604Lcd φ6.0
1957,SUS303 φ3.5G
1958,A5056 φ4.0 2m (住軽材)
1959,"SUS303 φ3.0G (-10,-20)"
1960,C3604Lcd φ20.0
1961,C3604Lcd φ11.0
1962,C3604Lcd φ10.0
1963,C3604Lcd φ19.0
1964,C3604Lcd φ19.0
1965,C3604Lcd φ16.0
1966,"SUS303 φ3.0G (0,-10)"
1967,"SUS303 φ3.0G (0,-10)"
1968,"SUS303 φ3.0G (0,-10)"
1969,"SUS420F φ2.0G (-2,-8) 1.995狙い  2m"
1970,"SUS420F φ2.0G (-2,-8) 1.995狙い  2m"
1971,"SUS420F φ2.0G (-2,-8) 1.995狙い  2m"
1972,C3604Lcd φ3.0
1973,ASK500F φ4.0G  2m
1974,ASK500F φ4.0G  2m
1975,ASK500F φ4.0G  2m
1976,ASK500F φ4.0G  2m
1977,ASK500F φ4.0G  2m
1978,ASK500F φ4.0G  2m
1979,ASK500F φ4.0G  2m
1980,ASK500F φ4.0G  2m
1981,ASK500F φ4.0G  2m
1982,ASK500F φ4.0G  2m
1983,ASK500F φ4.0G  2m
1984,ASK500F φ4.0G  2m
1985,C3604Lcd φ19.0
1986,A5056 φ23.0 2m
1987,A5056 φ23.0 2m
1988,A5056 φ25.0 2m
1989,C3604Lcd φ24.0
1990,ASK2600S φ9.0CM
1991,ASK2600 φ8.7 ｱﾔﾒR
1992,C3604Lcd φ6.0 （焼鈍材）
1993,A2017 φ5.0 2m
1994,S35C φ12.0D
1995,ASK2300 φ9.98CM
1996,C3604Lcd φ20.0
1997,SUS420F φ4.1D (支給材）
1998,A2017 φ16.0 2m
1999,SUS303 φ8.0CM
2000,POM（白） φ10.0G  2m
2001,S45CFS φ10.0D
2002,SUS303 φ10.0CM
2003,C3604Lcd φ3.0
2004,SUS303 φ12.0CM
2005,C3604Lcd φ14.0
2006,C3604Lcd φ14.0
2007,C3604Lcd φ12.0
2008,SUS303 φ4.0CM
2009,C3604Lcd φ8.0
2010,SUS304 φ20.0D  2m
2011,SUS304 φ20.0D  2m
2012,C3604Lcd φ15.0
2013,C3604Lcd φ15.0
2014,SUS303 φ12.0CM
2015,C3602Lcd φ9.0 (NB5N 他)
2016,C3602Lcd φ8.0 (NB5N 他)
2017,C3604Lcd φ11.0
2018,C1100H φ6.0
2019,C3604Lcd φ10.0
2020,C3604Lcd φ7.0
2021,C3604Lcd φ6.0
2022,C3604Lcd φ24.0
2023,C3604Lcd Hex5.5
2024,SCM415 φ9.0  1.5m
2025,SUS303 φ9.0CM
2026,SGD3M φ9.0D  2m
2027,C1100 φ6.0
2028,SUS303 φ3.0CM
2029,SUS303 φ4.0CM
2030,SUS303 φ5.0CM
2031,SUS303 φ3.0CM
2032,SUS303 φ6.0CM
2033,SUS303 φ3.0CM
2034,SUS303 φ4.0CM
2035,SUS303 φ6.0CM
2036,SUS303 φ6.0CM
2037,SUS303 φ4.0CM
2038,A5056 φ10.0 2m
2039,A5056 φ13.0 2m
2040,C3604Lcd φ8.0 A-Lcd 大木
2041,C3604Lcd φ7.0 A-Lcd 大木
2042,A5056 φ6.0 2m
2043,C3604Lcd φ6.0 A-Lcd 大木
2044,C3604Lcd φ10.0
2045,CB156 φ25.0
2046,SUS303 φ4.0CM
2047,SUS303 φ3.0CM
2048,SUS303 φ4.0CM
2049,SUS303 φ22.0CM
2050,SUS303 φ3.0CM
2051,C3604Lcd φ16.0
2052,C3604Lcd φ3.5
2053,SUS303 φ5.0CM
2054,SUS303 φ4.0CM
2055,SUS304 Hex10.0
2056,SUS304 Hex10.0  2m
2057,C3604Lcd □4.8
2058,C3604Lcd φ4.0
2059,SUS303Cu Hex6.0
2060,ASK2600S φ14.0CM
2061,TLS φ8.0D
2062,SUS303 φ4.0CM
2063,
2064,TLS φ4.0
2065,C3604Lcd φ11.0
2066,SUS303 φ17.0CM
2067,SUS303 φ17.0CM
2068,G23-T8 φ9.0
2069,SUS440C φ3.0G
2070,CB156 φ5.0
2071,CB156 φ5.0
2072,CB156 φ5.0
2073,CB156 φ5.0
2074,SUS303 φ2.0G  2.1m
2075,SUS303 φ2.0G  2.1m
2076,SUS303 φ2.0G  2.1m
2077,SUS303 φ2.0G  2.1m
2078,SUS303 φ14.0CM
2079,SUS303 φ10.0CM
2080,ME1F φ10.0CM
2081,ME1F φ10.0CM
2082,SUS303 φ6.0CM
2083,SUS303 φ6.0CM
2084,C5441 φ5.0
2085,C5441 φ5.0
2086,C5441 φ5.0
2087,SCM415 φ12.0D  1.5m
2088,C5441 φ4.0
2089,ASK2600S φ12.0CM
2090,SUS303 φ8.0CM
2091,SUS303 φ18.0CM
2092,ASK2600S φ15.0CM　
2093,C3604Lcd φ5.0
2094,SUS303 φ16.0CM
2095,"SUS303 φ5.0G (-20,-30)"
2096,SUS303 φ8.0CM
2097,SUS303 φ3.0CM
2098,SUS303 φ3.0CM
2099,SUS303 φ6.0CM
2100,TLS φ15.0D
2101,ASK2600 φ5.95CM
2102,
2103,
2104,
2105,SUS303 φ8.0CM
2106,SUS303 φ6.0CM
2107,SUS303 φ9.0CM
2108,SUS303 φ6.0CM
2109,SUS303 φ9.0CM
2110,C3604Lcd Hex6.0
2111,C3604（一般） □8.0
2112,SUS303 φ5.0CM
2113,SUS303 φ5.0CM
2114,SUS303 φ24.0D
2115,SUS303 φ23.0CM
2116,SUS303 φ7.0CM
2117,ASK2600S φ18.0CM
2118,C3604Lcd φ3.0
2119,SUS303 φ6.5G
2120,C3604Lcd φ3.5
2121,C3604Lcd φ18.0
2122,C3604Lcd φ8.0
2123,C3604Lcd φ10.0
2124,C3604Lcd φ15.0
2125,A6061 φ25.0G  2m
2126,SUS303 φ2.0G  2.1m
2127,A6061 φ25.0G  2m
2128,A6061 φ19.0G  2m　
2129,A6061 φ25.0G  2m
2130,A6061 φ20.0G  2m
2131,C3604Lcd φ3.5
2132,SK4F φ3.0G  2m
2133,A6061 φ25.0G  2m
2134,C3604Lcd φ10.0
2135,C3602Lcd φ14.0 (A36NP) 手配時要確認
2136,C3602Lcd φ17.0 (A36NP) 手配時要確認
2137,C3602Lcd Hex14.0 (A36NP) 手配時要確認
2138,C3602Lcd Hex14.0 (A36NP) 手配時要確認
2139,C3604Lcd φ10.0 (NB5S)
2140,C3604Lcd Hex8.0 (大木　ﾋﾟｽｺ様向)
2141,C3604Lcd φ8.0 (NB5S)
2142,C3604Lcd φ9.0 (NB5S)
2143,A2017 φ5.0 2m
2144,C3604Lcd φ8.0 (NB5S)
2145,C3604Lcd φ9.0 (NB5S)
2146,YST1 φ5.0
2147,YST1 φ5.0
2148,CB156 φ7.0 (G23)
2149,YST1 φ5.0
2150,YST1 φ5.0
2151,CB156 φ7.0 (G23)
2152,YST1 φ5.0
2153,YST1 φ5.0
2154,CB156 φ7.0 (G23)
2155,YST1 φ6.0
2156,YST1 φ5.0
2157,YST1 φ5.0
2158,C3604Lcd φ9.0 (NB5S)
2159,YST1 φ5.0
2160,C3604Lcd φ10.0 (NB5S)
2161,YST1 φ5.0
2162,C3604Lcd φ3.0 (NB5S or NB5N)
2163,C3602Lcd φ10.0 (A36NP) 手配時要確認
2164,C3602Lcd φ10.0 (A36NP) 手配時要確認
2165,C3602Lcd φ10.0 (A36NP) 手配時要確認
2166,C3602Lcd φ10.0 (A36NP) 手配時要確認
2167,YST1 φ6.0
2168,YST1 φ6.0
2169,YST1 φ17.0
2170,YST1 φ11.0
2171,YST1 φ6.0
2172,YST1 φ9.0
2173,C3602Lcd Hex14.0 (A36NP) 手配時要確認
2174,C3602Lcd Hex14.0 (A36NP) 手配時要確認
2175,C3602Lcd Hex14.0 (A36NP) 手配時要確認
2176,C3602Lcd φ14.0 (A36NP) 手配時要確認
2177,C3602Lcd φ14.0 (A36NP) 手配時要確認
2178,C3602Lcd φ17.0 (A36NP) 手配時要確認
2179,C3602Lcd φ17.0 (A36NP) 手配時要確認
2180,YST1 φ8.0
2181,SF-20T φ4.0G ※公差注意確認
2182,YST1 φ7.0
2183,YST1 φ7.0
2184,C3604Lcd φ12.0 (NB5S)
2185,C3604Lcd φ12.0 (NB5S)
2186,C3604Lcd φ13.0
2187,C3604Lcd φ13.0
2188,ASK2600S φ5.0CM
2189,SUS303 φ7.0CM
2190,S45CFS φ8.0D
2191,SUS303Cu Hex5.5
2192,C3604Lcd Hex9.0
2193,SUS303 φ5.0CM
2194,C3604Lcd φ5.0
2195,C3604Lcd φ7.0
2196,SDF φ4.0
2197,SDF
2198,SUS303 φ8.0CM
2199,"SUS303 φ4.0G (-15,-25)"
2200,SUS303Cu Hex5.5
2201,C3604Lcd φ5.0
2202,SUS303 φ10.0CM
2203,SUS303 φ10.0CM
2204,ASK2600S φ10.0CM
2205,C3602Lcd φ7.0 (NB5N)
2206,C3602Lcd φ7.0 (NB5N)
2207,SUS303 φ8.0CM
2208,SUS303 φ6.0CM
2209,SUS303 φ10.0CM
2210,C3604Lcd φ5.0
2211,A5056 φ8.0 2m
2212,C3604Lcd φ7.0
2213,SUS303 φ8.0D
2214,SF-13E φ2.4G
2215,"SUS303 φ2.0G (-5,-15)  2.1m"
2216,ASK3500A φ3.5G
2217,SF-13E φ2.5D
2218,
2219,SF-13 φ2.0G
2220,
2221,
2222,"SUS303 φ2.0G (+0,-50)  2.1m"
2223,SF-13E φ2.5D
2224,"SF-13 φ2.0G （0,-0.01)  2m"
2225,SUS303 φ4.0CM
2226,SF-13E φ2.5D
2227,
2228,SF-13E φ2.4G
2229,SUS303 φ2.5G
2230,SUS303 φ3.0G
2231,SUS303 φ3.0G
2232,A5056 φ11.0 2m
2233,C3604Lcd φ8.0
2234,A5056 φ7.0 2m
2235,SUS303 φ12.0CM
2236,SUS303 φ15.0CM
2237,SUS304 φ3.0G  2m
2238,SUS304 φ5.0G  2m
2239,SUS303 φ20.0CM
2240,CB156 φ14.0
2241,SUS303 φ12.0CM
2242,SUS303 φ16.0G
2243,SUS303 φ8.0CM
2244,SUS303 φ16.0CM
2245,SUS303 φ16.0CM
2246,SUS303 φ6.0CM
2247,SUS303 φ6.0CM
2248,SUS303 φ9.0G
2249,SUS303 φ3.0CM
2250,SUS303 φ3.0CM
2251,SF-27E φ3.0D
2252,SUS303 φ4.0CM
2253,CB156 φ9.0
2254,CB156 φ9.0
2255,SUS304 φ19.0G  2m
2256,SUS303 φ8.0CM
2257,SUS303 φ8.0CM
2258,SUS303 φ8.0CM
2259,SUS303 φ4.0CM
2260,SUS303 φ4.0CM
2261,SUS303 φ3.5G
2262,C3604Lcd φ10.0
2263,C3604Lcd φ10.0
2264,SUS303 φ5.0G
2265,SUS303 φ6.0G
2266,S45CFS φ8.0D
2267,C3604Lcd φ10.0 (NB5S)
2268,C3604Lcd φ10.0 (NB5S)
2269,S45CL2 φ10.0Ｄ
2270,C3602Lcd φ8.0 (NB5N)
2271,C3602Lcd φ3.0 (NB5N)
2272,C3602Lcd φ3.0 (NB5N)
2273,SUS303 φ4.0CM
2274,SUS304 φ4.0G  2m
2275,S45CFS φ8.0D
2276,S45CL φ20.0
2277,S45CFS φ18.0D
2278,SUS303 φ12.0CM
2279,SUS304 φ6.0D
2280,SUS303 φ4.0CM
2281,TLS φ3.0
2282,SF-13E φ6.0D
2283,SF-13E φ6.0D
2284,CB156 φ17.0
2285,SUS303 φ6.0G
2286,SUS303 φ6.0G
2287,C3604Lcd φ10.0 (NB5S) 指定
2288,SF-13E φ4.0D 指定
2289,SF-13E φ5.0D 指定
2290,SF-13E φ4.0D 指定
2291,ASK2600S φ5.0CM 指定
2292,SDF φ4.0D 指定
2293,TLS φ3.0D 指定
2294,SUS303 φ9.0CM (秋山指定)
2295,SUS303 φ4.0CM (秋山指定)
2296,SUS303 φ4.0CM (秋山指定)
2297,SF-13E φ6.0D 指定
2298,SF-13E φ4.0D 指定
2299,
2300,SF-20T φ4.0G
2301,-
2302,SF-20T φ4.0G
2303,SUS303 φ8.0CM
2304,CB156 φ6.0
2305,ASK2200R φ11.0CM
2306,ASK2200R φ11.0CM
2307,ASK2200R φ11.0CM
2308,ASK2200R φ11.0CM
2309,ASK2200R φ11.0CM
2310,ASK2200R φ11.0CM
2311,ASK2200R φ11.0CM
2312,ASK2200R φ8.0CM
2313,ASK2200R φ8.0CM
2314,ASK2200R φ8.0CM
2315,SUS303 φ21.0G (大同指定）
2316,SUS630 φ5.0D  2m
2317,SUS303 φ8.0CM
2318,SUS303 φ10.0CM
2319,SUS303 φ8.0CM
2320,SUS303 φ8.0CM
2321,SUS303 φ8.0CM
2322,C3604Lcd φ3.5
2323,SUS304 φ10.0G  2m
2324,SUS303 φ10.0CM
2325,ASK2600S φ10.0CM
2326,C3604Lcd φ15.0
2327,C3604Lcd φ15.0
2328,A5056 φ15.0 2m
2329,C3604Lcd φ19.0
2330,SF-27E φ4.0D
2331,NASF φ4.0Ｇ
2332,SUS303 φ4.0CM
2333,SUS303 φ3.5G
2334,SUS304 φ3.5G  2m
2335,TLS φ3.5D
2336,"SUS303 φ3.95G (0,-10)"
2337,SDF φ4.0D
2338,SF-13E φ5.0D
2339,SUS420F φ4.1D (支給材）
2340,SUS420F φ6.1D (支給材）
2341,SUS420F φ6.1D (支給材）
2342,SUS303 φ7.0CM
2343,SDF φ10.0D　
2344,SD200 φ6.0D
2345,C3604Lcd φ6.0
2346,C3604Lcd φ6.0
2347,SUS304 φ6.0G  2m
2348,SUS303 φ6.0G
2349,SUS303 φ8.0CM
2350,CB156 φ10.0
2351,SUS303 φ18.0CM
2352,
2353,
2354,
2355,
2356,
2357,ASK2600 φ4.98CM
2358,C3604Lcd φ13.0
2359,C3604Lcd φ13.0
2360,C3604Lcd φ30.0
2361,SUS303 φ10.0CM
2362,C3604Lcd φ18.0
2363,SF-20T φ10.0D
2364,C3602Lcd φ7.0 (NB5N)
2365,SF-20T φ12.0D
2366,SF-20T φ9.0D
2367,SUS303 φ17.0CM
2368,SUS303 φ23.0G  2.1m
2369,ASK2600S φ9.0CM
2370,CB156 φ5.0
2371,C3604Lcd φ6.0 (NB5S)
2372,C3602Lcd φ8.0 (NB5N 他)
2373,C3604Lcd φ8.0 (NB5S)
2374,G23-T8 φ8.0
2375,G23-T8 φ16.0
2376,G23-T8 φ16.0
2377,C3602Lcd φ14.0 (NB5N 他)
2378,C3602Lcd φ17.0 (NB5N 他)
2379,C3602Lcd φ14.0 (NB5N 他)
2380,C3602Lcd φ17.0 (NB5N 他)
2381,C3604Lcd φ8.0 (NB5S)
2382,SUS303 φ21.0G (大同指定）
2383,SUS303 φ20.0CM
2384,G23-T8 φ20.0 平目R 62山
2385,G23-T8 φ20.0 平目R 62山
2386,"HB-71-1/2H φ13.0 (+0.05,0)支給材"
2387,SF-13E φ5.0D
2388,SUS303 φ6.0CM
2389,SUS316L φ5.0D  2m
2390,C3604Lcd φ6.0
2391,SUS303 φ8.0CM
2392,SUS303 φ7.0CM
2393,SUS303 φ6.0CM
2394,C3604Lcd φ12.0 (NB5S)
2395,YST1 φ11.0
2396,YST1 φ7.0
2397,SUS303 φ9.0CM
2398,SUS303 φ6.0G
2399,SUS303 φ4.0CM
2400,SUS303 φ21.0G (大同指定）
2401,ASK2200R φ8.0CM
2402,ASK2200R φ8.0CM
2403,ASK2200R φ8.0CM
2404,ASK2200R φ11.0CM
2405,ASK2200R φ11.0CM
2406,ASK2200R φ11.0CM
2407,A5056 φ28.0 2m
2408,A5056 φ20.0 2m
2409,A5056 φ29.0 2m
2410,A5056 φ19.0 2m
2411,C3604Lcd φ10.0
2412,A5056 φ22.0 2m
2413,ASK2600S φ10.0CM
2414,C3604Lcd φ7.0
2415,ASK2600 φ17.0CM
2416,ASK2600 φ17.0CM
2417,SUS303 φ11.0CM
2418,SUS304 φ19.0G  2m
2419,SUS304 φ19.0G  2m
2420,SUS303 φ5.0CM
2421,SUS303 φ5.0CM
2422,YST1 Hex10.0
2423,YST1 Hex10.0
2424,YST1 Hex24.0
2425,YST1 Hex27.0
2426,YST1 Hex19.0
2427,YST1 Hex14.0
2428,YST1 Hex17.0
2429,"SUS303 φ3.2G (+0,-10) ｼﾙﾊﾞｰﾛｯﾄﾞ"
2430,S25CL Hex19.0 3m 客先支給材
2431,C3604Lcd φ10.0
2432,SUS630 φ5.0D  2m
2433,SUS303 φ10.0CM
2434,C3604Lcd φ20.0
2435,C3604Lcd φ5.0
2436,C3604Lcd φ5.0 (NB5S)
2437,C3604Lcd φ5.0 (NB5S)
2438,C3604Lcd φ5.0 (NB5S)
2439,C3604Lcd φ5.0 (NB5S)
2440,C3604Lcd φ5.0 (NB5S)
2441,SUS303 φ10.0CM
2442,SUS303 φ10.0CM
2443,SUS303 φ3.0CM
2444,SUS303 φ3.0CM
2445,ASK2200R φ8.0CM
2446,ASK2200R φ8.0CM
2447,ASK2200R φ8.0CM
2448,ASK2200R φ8.0CM
2449,ASK2200R φ8.0CM
2450,ASK2200R φ8.0CM
2451,ASK2200R φ11.0CM
2452,ASK2200R φ11.0CM
2453,ASK2200R φ11.0CM
2454,ASK2200R φ11.0CM
2455,A2017 φ5.0 2m
2456,SUS303 φ10.0CM
2457,C3602Lcd φ10.0 (NB5N)
2458,SUS303 φ21.0G (大同指定）
2459,C3604Lcd φ10.0
2460,C3604Lcd φ10.0
2461,SUS303 φ7.0CM
2462,C3604Lcd φ7.0
2463,SUS303 φ11.0CM
2464,G23-T8 φ19.0
2465,C3604Lcd φ3.0 (NB5S or NB5N)
2466,C3604Lcd φ11.0
2467,"SUS303 φ5.0G (-20,-40)"
2468,SUS304 φ3.0G  2m
2469,C3604Lcd φ15.0 ﾀﾃﾒR P=0.872
2470,"SUS420F φ2.0G (-2,-8) 1.995狙い  2m"
2471,SUS303 φ5.0CM
2472,SUS303 φ7.0CM
2473,SKD61 φ3.0
2474,C3604Lcd φ11.0
2475,SUS303 φ4.0G
2476,SUS303 φ7.0CM
2477,ASK2200R φ11.0CM
2478,ASK2200R φ11.0CM
2479,ASK2200R φ11.0CM
2480,"HB-71-1/2H φ13.0 (+0.05,0)支給材"
2481,C3604Lcd φ9.0 (NB5S)
2482,C3602Lcd φ7.0 (NB5N)
2483,C3602Lcd φ7.0 (NB5N)
2484,SUS303 φ10.0CM
2485,A6061 φ17.0 2.5m
2486,1215 φ4.5D
2487,1215 φ4.5D
2488,C3604Lcd φ24.0
2489,C3604Lcd φ12.0 ｱﾔﾒR P=0.836
2490,SUS420F φ6.1D (支給材）
2491,SUS303 φ5.0CM
2492,SUS303 φ21.0D (下村製大同指定）
2493,C3604Lcd φ10.0 (NB5S)
2494,SUS303 φ16.0CM
2495,SUS303 φ19.0CM
2496,C3604Lcd φ9.0 (NB5S)
2497,G23-T8 φ11.0
2498,G23-T8 φ11.0
2499,G23-T8 φ11.0
2500,G23-T8 φ11.0
2501,G23-T8 φ11.0
2502,G23-T8 φ11.0
2503,G23-T8 φ11.0
2504,G23-T8 φ11.0
2505,G23-T8 φ11.0
2506,S25CL φ17.0  2m 支給材
2507,SUS303 φ14.0CM
2508,C3604Lcd φ11.0
2509,SUS303 φ23.0G (大同）
2510,"HB-71-1/2H φ13.0 (+0.05,0)支給材"
2511,"HB-71-1/2H φ13.0 (+0.05,0)支給材"
2512,"HB-71-1/2H φ13.0 (+0.05,0)支給材"
2513,S45CFS φ6.0D
2514,SF-13E φ6.0D
2515,S93D φ12.0G  2m (客先支給→協栄で研磨）
2516,C3604Lcd φ22.0
2517,SUS303Cu φ9.0CM
2518,G23-T8 φ20.0 平目R 62山
2519,A2017 φ5.0 2m
2520,C3604Lcd φ15.0
2521,C3604Lcd φ10.0
2522,C3604Lcd φ9.0
2523,C3604Lcd φ6.0
2524,C3604Lcd φ15.0
2525,C3604Lcd φ8.0
2526,"HB-71-1/2H φ13.0 (+0.05,0)支給材"
2527,C3604Lcd φ16.0
2528,C3604Lcd φ12.0
2529,SUS303 φ23.0G (大同）
2530,SUS303 φ23.0G (大同）
2531,C3604Lcd φ16.0
2532,C3604Lcd φ16.0
2533,SUS304 φ24.0D  2m
2534,A5056 φ12.0 2m
2535,"ASK2200R φ10.1G (-20,-40)"
2536,"ASK2200R φ10.1G (-20,-40)"
2537,C3604Lcd φ12.0
2538,C3771 (一般) Hex21.0  2m
2539,C3604Lcd φ15.0
2540,SF-20T φ9.0D
2541,SUS303 φ3.0G
2542,C3604Lcd φ8.0
2543,SUS303 φ7.0CM
2544,SUS303 φ17.0CM
2545,"SUS303 φ6.0G (-25,-35) ｼﾙﾊﾞｰﾛｯﾄﾞ"
2546,SF-20T φ7.0G
2547,ASK2200R φ8.0CM
2548,ASK2200R φ11.0CM
2549,ASK2200R φ11.0CM
2550,ASK2200R φ11.0CM
2551,ASK2200R φ11.0CM
2552,ASK2200R φ11.0CM
2553,ASK2200R φ11.0CM
2554,C3604Lcd φ14.0
2555,C3604Lcd φ14.0
2556,C3604Lcd φ14.0
2557,C3604Lcd φ14.0
2558,C3604Lcd φ14.0
2559,SUS303 φ7.0CM
2560,S35C φ10.0D
2561,SUS303 φ3.0CM
2562,C6782 φ18.0
2563,ASK2600S φ8.0CM
2564,SUS304 φ20.0D  2m
2565,SUS304 φ20.0D  2m
2566,C3604Lcd φ6.0 (NB5S)
2567,A5056 φ12.0 2m
2568,SUS303 φ20.0CM
2569,SUS303 φ4.0CM　秋山
2570,G23-T8 φ31.0
2571,C3604Lcd φ12.0
2572,C3604Lcd φ13.0
2573,G23-T8 φ9.0
2574,C3602Lcd φ10.5 (MBB-2B指定)
2575,C3602Lcd φ10.5 (MBB-2B 使用可)
2576,C3602Lcd φ8.0 (MBB-2B指定)
2577,C3602Lcd φ8.0 (MBB-2B or NB5N 他)
2578,ASK2600S φ22.0CM
2579,ASK2600S φ24.0CM
2580,"ASK2200R φ7.5G (+24,+15)"
2581,"ASK2200R φ10.1G (-20,-40)"
2582,A6061-T6 φ17.0G  2m
2583,CB156 φ5.0
2584,SUS303 φ9.0CM
2585,SF-13E φ5.0D
2586,C3604Lcd φ11.0
2587,SUS304L φ28.0G  2m (大同母材)
2588,SF-20T φ9.0D
2589,C3604Lcd φ11.0
2590,C3604Lcd φ9.0
2591,C3604Lcd φ13.0
2592,C3604Lcd φ13.0
2593,C3604Lcd φ28.0
2594,C3604Lcd φ12.0
2595,C3604Lcd φ28.0
2596,ASK2600 φ14.0CM
2597,SKD11 φ9.0G  2m
2598,C3604Lcd φ7.0 (NB5S)
2599,SUS303 φ3.0CM
2600,ASK2200R φ8.0CM
2601,ASK2200R φ8.0CM
2602,ASK2200R φ11.0CM
2603,ASK2200R φ11.0CM
2604,A6061-T6 φ17.0G  2m
2605,A6061-T6 φ17.0G  2m
2606,C3604Lcd φ8.0
2607,A2017 φ6.0 2m
2608,SUS303 φ11.0CM
2609,SUS303 φ22.0CM
2610,SUS303 φ8.0CM
2611,C3604Lcd φ11.0 (NB5S)
2612,C3604Lcd φ7.0 (NB5S)
2613,C3604Lcd φ7.0 (NB5S)
2614,SUS303 φ21.0CM
2615,SUS303 φ7.0CM
2616,A7075 φ15.0G  2m （客先支給材）
2617,G23-T8 φ12.0
2618,C3604Lcd φ8.0
2619,SUS303 φ11.0CM
2620,C3602Lcd φ6.0 大木6A材
2621,A7075 φ15.0G  2m （客先支給材）
2622,SUS303 φ20.0CM
2623,SUS303 φ20.0CM
2624,SUS303 φ4.0CM
2625,SUM22 φ8.0D (林精鋼・神戸母材） 2.5m
2626,SUS303 φ10.0CM
2627,S25C φ13.0D  2m  客先支給材
2628,C3604Lcd φ16.0
2629,C3604Lcd φ16.0
2630,SUS303 φ11.0CM
2631,A2017 φ6.0 2m
2632,SUS303 φ10.0CM
2633,SUS303 φ11.0CM
2634,C3604Lcd φ7.0 (NB5S)
2635,"HB-71-1/2H φ13.0 (+0.05,0)支給材"
2636,ASK2200R φ11.0CM
2637,ASK2200R φ11.0CM
2638,ASK2200R φ11.0CM
2639,ASK2200R φ11.0CM
2640,C3604Lcd φ5.0
2641,SF-13E φ4.0D
2642,S25C φ12.0  2m 客先支給材
2643,C3604Lcd φ8.0
2644,C3604Lcd φ8.0
2645,C3604Lcd φ8.0
2646,C3604Lcd φ10.0 (NB5S)
2647,ASK2600S φ5.0CM
2648,A5056 φ21.0 2m
2649,A5056 φ21.0 2m
2650,A5056 φ14.0 2m
2651,A5056 φ13.0 2m
2652,A5056 φ13.0 2m
2653,A5056 φ13.0 2m
2654,SUS303 φ6.0 平目ﾛｰﾚｯﾄ m=0.2
2655,"HB-71-1/2H φ13.0 (+0.05,0)支給材"
2656,A5056 φ21.0 2m
2657,A5056 φ19.0 2m
2658,A5056 φ12.0 2m
2659,A5056 φ11.0 2m
2660,C3604Lcd φ11.0
2661,C3604Lcd φ11.0
2662,SUS304 φ0.8
2663,SUS304 φ22.0D  2m (山陽指定）
2664,SUS303 φ21.0G (大同指定）
2665,"HB-71-1/2H φ13.0 (+0.05,0)支給材"
2666,SUS303 φ4.0CM
2667,SUS303 φ6.0CM
2668,S45C φ8.0D  2m 調質材HBW201～269
2669,S45C φ12.0D  2m 調質材HBW201～269
2670,S45C φ18.0D  2m 調質材HBW201～269
2671,SUS303 φ12.0CM
2672,K-M31 φ7.0G 2.5m（客先支給材）
2673,SUS303 φ8.0D　下村
2674,A7075 φ15.0G  2m （客先支給材）
2675,A7075 φ15.0G  2m （客先支給材）
2676,SF-20T φ10.0D
2677,SUS304 φ13.0G  2m (大同指定)
2678,SUS303 φ7.0CM
2679,A1070 φ20.0D  2m
2680,SUS303 φ21.0G (大同指定）
2681,SUS303 φ21.0G (大同指定）
2682,SUS303 φ21.0G (大同指定）
2683,SUS303 φ21.0G (大同指定）
2684,ASK500F φ15.0G  2m
2685,S45CF φ28.0D
2686,C3604Lcd φ25.0
2687,C3604Lcd φ17.0
2688,ASK2600S φ12.0CM
2689,C3604Lcd φ13.0
2690,C3604Lcd φ13.0
2691,SUS420F φ5.0G
2692,C3604Lcd φ16.0
2693,S45C φ15.0D
2694,S45C φ15.0D
2695,G23-T8 φ16.0
2696,G23-T8 φ16.0
2697,G23-T8 φ16.0
2698,G23-T8 φ16.0
2699,G23-T8 φ16.0
2700,G23-T8 φ16.0
2701,G23-T8 φ16.0
2702,G23-T8 φ16.0
2703,G23-T8 φ16.0
2704,G23-T8 φ16.0
2705,ASK8000 φ10.0CM
2706,YST1 Hex12.0
2707,YST1 φ13.0
2708,C3604Lcd φ8.0 (NB5S)
2709,C3604Lcd φ20.0
2710,A2017 φ12.0 2m
2711,SUS303 φ7.0CM
2712,SUS303 φ11.0CM
2713,C3604Lcd φ20.0
2714,SCM435 φ10.0D  2m
2715,C3604Lcd φ16.0
2716,SUS303 φ8.0CM
2717,SUS303 φ8.0CM
2718,A6061-T6 φ16.5 (日伸)
2719,A6061-T6 φ17.5 (日伸)
2720,A2017 φ6.0 2m
2721,SUS303 φ11.0CM
2722,SUS303 φ11.0CM
2723,A7075 φ15.0G  2m （客先支給材）
2724,A7075 φ15.0G  2m （客先支給材）
2725,C3604Lcd φ18.0
2726,C3604Lcd φ18.0
2727,C3604Lcd φ12.0
2728,C3604Lcd φ13.0
2729,SUS303 φ10.0CM
2730,SUS303 φ10.0CM
2731,SUS303 φ10.0CM
2732,SUS303 φ10.0CM
2733,SUS420F2 φ6.0G
2734,C3602Lcd φ12.0 (NB5N)
2735,SUS303 φ14.0CM
2736,C3604Lcd φ8.0
2737,C3604Lcd φ7.0
2738,SF-13E φ4.0D
2739,SUM24L Hex19.0
2740,G23-T8 φ12.0
2741,SUS303 φ11.0CM
2742,SUS303 φ11.0CM
2743,C3604Lcd φ12.0
2744,C3604Lcd φ15.0
2745,C3604Lcd φ6.0
2746,C3604Lcd φ15.0
2747,C3604Lcd φ10.0
2748,YST1 Hex12.0
2749,K-M31 φ7.0G 2.5m（客先支給材）
2750,SUS303 φ10.0CM
2751,A6061-T6 φ22.0 レゾナック
2752,SUS303 φ11.0CM
2753,SUS303 φ11.0CM
2754,S45CF φ9.0D
2755,C3604Lcd φ15.0
2756,SUS303 φ3.0CM
2757,SUS303 φ6.0CM
2758,C3604Lcd φ8.0
2759,BZ5A φ8.0
2760,SUS303 φ11.0CM
2761,A2017 φ6.0 2m
2762,SUS303 φ4.0CM　秋山
2763,SUS303 φ8.0CM
2764,SUS303 φ8.0CM
2765,SUS303 φ8.0CM
2766,SUS304 φ3.0G  2m
2767,S45C φ10.0D 調質材HRC20～28
2768,SUS303 φ21.0D (下村製大同指定）
2769,CB156 φ9.0
2770,CB156 φ9.0
2771,SUS316 φ14.0G  2.2m
2772,SUS316 φ9.0G  2.2m
2773,SUS303 φ5.0CM
2774,ASK2200R φ20.0CM
2775,ASK2200R φ20.0CM
2776,ASK2200R φ20.0CM
2777,ASK2200R φ20.0CM
2778,ASK2200R φ20.0CM
2779,ASK2200R φ20.0CM
2780,ASK2200R φ20.0CM
2781,ASK2200R φ20.0CM
2782,ASK2200R φ20.0CM
2783,SUS303 φ9.0CM
2784,チタンF136 φ10.0
2785,S35C φ8.0D  1.5m　※端材保管
2786,S35C φ8.0D  1.5m　※端材保管
2787,S35C φ8.0D  1.5m　※端材保管
2788,S35C φ8.0D  1.5m　※端材保管
2789,S35C φ8.0D  1.5m　※端材保管
2790,S35C φ8.0D  1.5m　※端材保管
2791,S35C φ8.0D  1.5m　※端材保管
2792,S35C φ8.0D  1.5m　※端材保管
2793,S35C φ8.0D  1.5m　※端材保管
2794,S35C φ8.0D  1.5m　※端材保管
2795,S35C φ8.0D  1.5m　※端材保管
2796,S35C φ8.0D  1.5m　※端材保管
2797,S35C φ8.0D  1.5m　※端材保管
2798,S35C φ8.0D  1.5m　※端材保管
2799,SUS303 φ3.0CM
2800,G23-T8 φ14.0
2801,ASK2600S Hex17.0
2802,SUS303 φ10.0CM
2803,SUS303 φ5.0CM
2804,SUS303 φ5.0CM
2805,SUS303cu φ13.0D
2806,ASK2600S φ9.0CM
2807,A6061-T6 φ22.0 レゾナック
2808,A2017 φ14.0 2m
2809,A5056 φ11.0 2m
2810,SUS303 φ11.0CM
2811,S25C φ28.0  1.5m
2812,SGD3M φ16.0  2m
2813,C3604Lcd φ7.0
2814,SUS303cu φ13.0D
2815,SUS303 φ14.0D 下村（大同）
2816,SCM435 φ7.0D  1.5m
2817,S35C φ8.0D  1.5m
2818,ASK2200R φ20.0CM
2819,ASK2200R φ20.0CM
2820,ASK2200R φ20.0CM
2821,ASK2200R φ20.0CM
2822,ASK2200R φ20.0CM
2823,ASK2200R φ20.0CM
2824,ASK2200R φ20.0CM
2825,ASK2200R φ20.0CM
2826,ASK2200R φ20.0CM
2827,SUS303 φ14.0CM
2828,SUS303 φ10.0CM
2829,SUS303 φ14.0CM
2830,SUS303 φ10.0CM
2831,SUS303 φ11.0CM
2832,SF-20T φ11.0D
2833,SUS303 φ10.0CM
2834,C5441 φ7.0
2835,SUS303 φ18.0CM
2836,K-M31 φ16.5G (±0.015)（客先有償支給）
2837,K-M31 φ16.5G (±0.015)（客先有償支給）
2838,SUS303 φ21.0D (下村製大同指定）
2839,SUS316 φ14.0G  2.2m
2840,C3604Lcd φ12.0
2841,SUS303Cu φ5.0D
2842,SUS303cu φ13.0D
2843,SUS303cu φ13.0D
2844,"K-M31 φ29.0G (+0.05,-0)  2m（客先有償支給）"
2845,C3604Lcd φ10.0
2846,S45CF φ7.0D
2847,SUS303cu φ13.0D
2848,SUS303cu φ13.0D
2849,ASK2600S φ9.0CM
2850,SUS304 φ5.0D
2851,C3604Lcd φ28.0
2852,C3604Lcd φ28.0
2853,C5441 φ17.0
2854,C5441 φ7.0
2855,C3604Lcd φ11.0
2856,C3602Lcd φ22.0
2857,C3604Lcd φ19.0
2858,ASK2600S φ5.0CM
2859,C3602Lcd φ7.0 (NB5N)
2860,SUS303cu Hex5.5
2861,C3604Lcd φ8.0 (NB5S)
2862,SUS303cu φ13.0D
2863,SGD3M φ4.0  2m
2864,AB4-1/2H φ13.0 2.5m 客先支給材
2865,ASK2600S Hex5.5
2866,G23-T8 φ14.0
2867,C3604Lcd φ3.0
2868,G23-T8 φ8.0
2869,G23-T8 φ9.0
2870,G23-T8 φ13.0
2871,TLS φ7.0D
2872,TLS φ7.0D
2873,K-M31 φ7.0G 2.5m（客先支給材）
2874,K-M31 φ7.0G 2.5m（客先支給材）
2875,K-M31 φ16.5G (±0.015)（客先有償支給）
2876,"K-M31 φ29.0G (+0.05,-0)  2m（客先有償支給）"
2877,ASK2200R φ14.0CM
2878,ASK2200R φ14.0CM
2879,ASK2200R φ14.0CM
2880,ASK2200R φ14.0CM
2881,ASK2200R φ14.0CM
2882,G23-T8 φ10.0
2883,SUM22 φ22.0D  1.5m
2884,SUM22 φ25.0D  1.5m
2885,ASK2600S φ9.0CM
2886,ASK2600S φ9.0CM
2887,ASK2600S φ9.0CM
2888,C3604Lcd φ6.0 (焼鈍材) (支給材)
2889,SUS303 φ4.0CM
2890,SUS303Cu φ5.0D
2891,ASK2200R φ20.0CM
2892,ASK2200R φ20.0CM
2893,ASK2200R φ20.0CM
2894,ASK2200R φ20.0CM
2895,ASK2200R φ20.0CM
2896,ASK2200R φ20.0CM
2897,ASK2200R φ20.0CM
2898,ASK2200R φ20.0CM
2899,ASK2200R φ20.0CM
2900,"HB-71-1/2H φ12.0 (+0.05,0)支給材"
2901,YST1 Hex12.0
2902,A5056 φ13.0 2m
2903,S45CHT φ28.0D  2.2m （林精鋼）
2904,C3602Lcd φ7.0 (NB5N)
2905,SUS303 φ5.0G
2906,SUS303 φ16.0CM
2907,A6061-T6 φ6.0G  2m
2908,A6061-T6 φ5.0G  2m
2909,A6061-T6 φ8.0G  2m
2910,SUS303 φ18.0CM
2911,SUS303 φ10.0CM
2912,A6061 φ31.0
2913,SUM23 φ31.955G (±0.015)
2914,SUS303Cu φ5.0D
2915,G23-T8 φ20.0
2916,G23-T8 φ20.0
2917,SUS303 φ12.0CM
2918,C3602Lcd φ7.0 (NB5N)
2919,A6061-T6 φ32.0G  2m
2920,C3604Lcd φ13.0
2921,C3604Lcd φ15.0
2922,"SUS416F φ10.0G (-30,-40)"
2923,"SUS416F φ10.0G (-30,-40)"
2924,SF-20T φ10.0D
2925,"K-M31 φ10.0G (0,+0.03) 支給材"
2926,ASK2600S φ9.0CM
2927,SUS304 φ5.0D
2928,SUS304 φ5.0D
2929,SUS303 φ18.0CM
2930,SUM22 φ11.0 (ASK2200R)
2931,ASK2200R φ14.0CM
2932,ASK2200R φ14.0CM
2933,ASK2200R φ14.0CM
2934,ASK2200R φ14.0CM
2935,ASK2200R φ14.0CM
2936,ASK2200R φ14.0CM
2937,ASK2200R φ20.0CM
2938,ASK2200R φ20.0CM
2939,ASK2200R φ20.0CM
2940,ASK2200R φ20.0CM
2941,ASK2200R φ20.0CM
2942,ASK2200R φ20.0CM
2943,ASK2200R φ20.0CM
2944,ASK2200R φ20.0CM
2945,ASK2200R φ20.0CM
2946,SUS303 φ11.0CM
2947,SUS303 φ10.0CM
2948,G23-T8 φ14.0
2949,"SUS416F φ10.0G (-30,-40)"
2950,"SUS416F φ10.0G (-30,-40)"
2951,SF-20F φ6.0D
2952,SCM435 φ8.0D  2m ※端材保管
2953,SCM440 φ12.0G  2m 
2954,S45C φ20.0D  2m
2955,A5056 φ17.0 2m
2956,S45C φ26.0D  2m　※端材保管
2957,SUS303 φ8.0D
2958,C6932 φ8.0 ﾈｵﾌﾞﾗｽ  1.5m (客先支給）
2959,C6932 φ8.0 ﾈｵﾌﾞﾗｽ  1.5m (客先支給）
2960,SUS303Cu φ5.0D
2961,G23-T8 φ9.0
2962,SF-20T φ6.0D
2963,SCM440 φ12.0G  2m 
2964,SCM440調質材 HRC35～40
2965,4141 φ30.0 800mm
2966,S45C 調質材 HB165-229
2967,SUS303Cu φ5.0D
2968,TLS φ7.0D
2969,A2017 φ5.0 2m
2970,SUS303Cu φ5.0D
2971,ASK2600S φ9.0CM
2972,ASK2200R φ20.0CM
2973,ASK2200R φ20.0CM
2974,SUS304 φ5.0D
2975,ASK2200R φ20.0CM
2976,ASK2600S Hex5.5
2977,SUS303 φ8.0D
2978,SUS303Cu φ10.0D
2979,C6932 φ6.0 ｴｺﾌﾞﾗｽ 客先支給材
2980,KFX41B φ6.0 Pbﾌﾘｰﾘﾝ青銅 客先支給材
2981,C6932 φ6.0 ｴｺﾌﾞﾗｽ 客先支給材
2982,KFX41B φ6.0 Pbﾌﾘｰﾘﾝ青銅 客先支給材
2983,SF-20T φ9.0D
2984,A2017 φ6.0 2m
2985,A2017 φ7.0 2m
2986,SUS303Cu φ5.0D
2987,SUS303Cu φ5.0D
2988,C3604Lcd φ22.0
2989,SUS303Cu φ5.0D
2990,A6061-T6 φ31.0  2.5m 日伸
2991,A6061-T6 φ31.0  2.5m 日伸
2992,ASK2200R φ12.0CM
2993,SUS303 φ20.0CM or G材
2994,HB-71 5AL φ13.0 2.5m 客先支給材
2995,ﾈｵﾌﾞﾗｽ φ15.0 客先支給材
2996,SUS303 φ20.0CM or G材
2997,SUS303Cu φ5.0D
2998,SUS303 φ21.0G (大同指定）
2999,"K-M31 φ10.0G (0,+0.03) 支給材"
3000,"K-M31 φ10.0G (0,+0.03) 支給材"
3001,C3604Lcd φ12.0
3002,SUS303 φ14.0CM
3003,C3604Lcd φ15.0
3004,YST1 Hex10.0
3005,YST1 Hex17.0
3006,ASK2600S Hex5.5
3007,A6061-T6 φ35.0  2m 押出
3008,A6061-T6 φ35.0  2m 押出
3009,C3602Lcd φ7.0 (NB5N)
3010,SUS303 φ18.0CM
3011,BZ5A φ8.0
3012,BZ5A φ10.0
3013,BZ5A φ10.0
3014,BZ5A φ10.0
3015,A5056 φ17.0 2m
3016,A5056 φ17.0 2m
3017,A5056 φ17.0 2m
3018,C3604Lcd φ8.0
3019,G23-T8 φ8.0
3020,SUS303cu φ13.0D
3021,SUS303Cu φ5.0D
3022,SUS303Cu φ5.0D
3023,SUS303Cu φ5.0D
3024,SF-13E φ20.0D
3025,K-M31 φ11.2G 支給材
3026,"K-M31 φ10.0G (0,+0.03) 支給材"
3027,"K-M31 φ10.0G (0,+0.03) 支給材"
3028,SUS303Cu φ5.0D
3029,SUS303Cu φ5.0D
3030,SUS303Cu φ5.0D
3031,C3604Lcd φ12.0
3032,CB156 φ10.0
3033,CB156 φ15.0
3034,CB156 φ12.0
3035,CB156 φ9.0
3036,A6061-T6 φ38.0  2m 押出
3037,A6061-T6 φ38.0  2m 押出
3038,A6061-T6 φ31.0  2.5m 昭和
3039,C3604Lcd φ7.0
3040,SUS303Cu φ5.0D
3041,C3604Lcd φ10.0
3042,C3604Lcd φ10.0
3043,SUS303 φ4.0CM
3044,"HB-71-1/2H φ12.0 (+0.05,0)支給材"
3045,A6061-T6 φ31.0  2.5m 日伸
3046,ASK1100BG φ9.0CM  2m
3047,SUS303Cu φ11.0D
3048,C3604Lcd φ13.0
3049,SUS303 φ20.0CM
3050,ASK2600S φ14.0CM
3051,"K-M31 φ29.0G (+0.05,-0)  2m（客先有償支給）"
3052,C3604Lcd φ2.5
3053,C3604Lcd φ12.0
3054,SCM440H φ12.0G  2m 
3055,SCM440H φ12.0G  2m ※端材保管
3056,SCM440H φ18.0G  2m 
3057,SCM440H φ18.0G  2m 
3058,ASK2200R φ7.0G
3059,S45C φ9.0D  2m
3060,SUS303cu φ13.0D
3061,BZ5A φ10.0
3062,SUS303 Hex24.0  2m
3063,SCM435 φ12.0D  2m
3064,S45C φ10.0D
3065,S45CF φ12.0D
3066,S45CF φ20.0D
3067,S45CF φ20.0D
3068,S45CF φ12.0D
3069,S45CF φ12.0D
3070,SUS303 φ8.0CM
3071,SUS303 φ8.0CM
3072,SUS303 φ8.0CM
3073,SUS303 φ8.0CM
3074,SUS303 φ8.0CM
3075,SUS303 φ8.0CM
3076,SUS303 φ8.0CM
3077,S45CFS φ8.0D
3078,SUS303 φ10.0CM　秋山
3079,A6061-T6 φ36.0D  2.5m ﾚｿﾞﾅｯｸ
3080,SUS303 φ5.0CM
3081,SUM22 φ26.0D  1.5m
3082,SUM22 φ24.0D  1.5m
3083,SUM22 φ24.0D  1.5m
3084,SUM22 φ24.0D  1.5m
3085,ASK2200R φ20.0CM
3086,ASK2200R φ16.0CM
3087,ASK2200R φ16.0CM
3088,ASK2200R φ16.0CM
3089,ASK2200R φ16.0CM
3090,ASK2200R φ6.0CM
3091,ASK2200R φ6.0CM
3092,ASK2200R φ6.0CM
3093,G23-T8 φ10.0
3094,C3604Lcd φ10.0
3095,S45C φ9.0D  2m
3096,S45C φ9.0D  2m
3097,A5056 φ12.0 2m
3098,SUS303Cu φ11.0CM 秋山精鋼
3099,"K-M31 φ10.0G (0,+0.03) 支給材"
3100,ASK2600S φ22.0CM
3101,SUS630 φ8.0G  2m
3102,SUM22 φ24.0D  1.5m
3103,SUM22 φ24.0D  1.5m
3104,SUM22 φ16.0D  1.5m
3105,"HB-71-1/2H φ12.0 (+0.05,0)支給材"
3106,A6061-T6 φ31.0  2.5m 日伸
3107,S20C φ8.0D　1.5m　※端材保管
3108,A6061-T6 φ32.0D  2m
3109,A6061-T6 φ32.0D  2m
3110,C3604Lcd φ9.0
3111,C3604Lcd φ19.0　東泉
3112,YST1 Hex10.0
3113,S20C φ8.0D　1.5m　※端材保管
3114,S20C φ8.0D　1.5m　※端材保管
3115,S20C φ8.0D　1.5m　※端材保管
3116,S20C φ8.0D  1.5m　※端材保管
3117,S20C φ12.0D  1.5m　※端材保管
3118,S20C φ8.0D　1.5m　※端材保管
3119,SUS304 φ23.0G  2m
3120,YST1 Hex19.0
3121,A6061-T6 φ32.0D  2m
3122,A6061-T6 φ32.0D  2m
3123,CB156 φ15.0
3124,SUS304 φ27.0G  2m (大同 千金様)
3125,"K-M31 φ29.0G (+0.05,-0)  2m（客先有償支給）"
3126,CB156 φ10.0
3127,SUS420F φ5.0G ｻﾝﾄｸ製 ﾅｶﾆｼ様向
3128,C3604Lcd φ15.0
3129,A5056 φ12.0 2m
3130,A5056 φ11.0 2m
3131,C3602Lcd φ17.0 (NB5N) (C3603-1/2H表記)
3132,SUS630 φ5.0D  2m
3133,A6061-T6 φ31.0D  2.5m ﾚｿﾞﾅｯｸ
3134,C3604Lcd φ19.0
3135,CB156 φ12.0
3136,CB156 φ17.0
3137,CB156 φ8.0
3138,CB156 φ8.0
3139,CB156 φ8.0
3140,C3604Lcd φ6.5
3141,C3604Lcd φ2.5 (NB5S)
3142,SF-13E φ4.0D
3143,ASK2600S φ12.0CM
3144,ASK2600S φ12.0CM
3145,SUS303 φ14.0CM
3146,S35C φ10.0D  1.5m  ※端材保管
3147,A6061-T6 φ35.1D 昭和材
3148,A6061-T6 φ35.1D 昭和材
3149,SUS303 φ14.0D 下村（大同）
3150,C3604Lcd φ15.0
3151,C3604Lcd φ12.0
3152,A6061-T6 φ32.0D  2m
3153,A6061-T6 φ32.0D  2m
3154,A6061-T6 φ32.0D  2.5m 昭和材
3155,A6061-T6 φ32.0D  2.5m 昭和材
3156,S45CFS φ8.0D
3157,C3604Lcd φ8.0
3158,SUS303 φ4.0CM
3159,SUS303 φ14.0CM
3160,ASK2600R φ20.0CM
3161,ASK2600R φ20.0CM
3162,ASK2600R φ20.0CM
3163,ASK2600R φ15.0CM
3164,ASK2600R φ8.0CM
3165,ASK2600R φ9.0CM
3166,A6061-T6 φ35.1D 昭和材
3167,A6061-T6 φ35.1D 昭和材
3168,S45CH 調質材 φ22.0  1.5m
3169,S45CH 調質材 φ22.0  1.5m
3170,C3603Lcd φ6.0 (3604NB5S可)
3171,A6061-T6 φ35.1D 昭和材
3172,A6061-T6 φ35.1D 昭和材
3173,A6061-T6 φ35.1D  2.5m 昭和材
3174,A6061-T6 φ35.1D  2.5m 昭和材
3175,"HB-71-1/2H φ12.0 (+0.05,0)支給材"
3176,C3604Lcd φ15.0
3177,C3604Lcd φ9.0
3178,C3604Lcd φ9.0
3179,C3604Lcd φ9.0
3180,C3604Lcd φ12.0
3181,C3604Lcd φ12.0
3182,ASK2600S φ9.0CM
3183,C3602Lcd Hex12.0 (A36NP指定)
3184,S45CH 調質材 φ30.0D  1.5m
3185,"HB-71-1/2H φ13.0 (+0.05,0)支給材"
3186,A6061-T6 φ32.0D  2.5m 昭和材
3187,A6061-T6 φ32.0D  2.5m 昭和材
3188,YST1 φ5.0
3189,G23-T8 φ9.0
3190,G23-T8 φ15.0
3191,G23-T8 φ16.0
3192,SF-20T φ8.0G
3193,"HB-71-1/2H φ12.0 (+0.05,0)支給材"
3194,"K-M31 φ30.0G (0,-20)  2m（客先有償支給）"
3195,BZ5A φ15.0 (C6801) 客先へ手配要 有償支給材
3196,A2017 φ6.0 2m
3197,"SUS420F φ2.0G (-2,-8) 1.995狙い  2m"
3198,C3604Lcd φ15.0 (NB5S)
3199,ASK2600R φ20.0CM
3200,ASK2600R φ20.0CM
3201,ASK2600R φ15.0CM
3202,ASK2600R φ9.0CM
3203,SUS303 φ21.0D (下村製大同指定）
3204,"HB-71-1/2H φ13.0 (+0.05,0)支給材"
3205,C3604Lcd φ3.0
3206,SUS303 φ4.0CM
3207,SUS303 φ4.0CM
3208,SUS303 φ4.0CM
3209,"HB-71-1/2H φ12.0 (+0.05,0)支給材"
3210,SUS303 φ21.0D (下村製大同指定）
3211,SUS303 φ21.0D (下村製大同指定）
3212,SUS303 φ21.0D (下村製大同指定）
3213,G23-T8 φ20.0 平目R 62山
3214,ASK2600S φ9.0CM
3215,ASK2600S φ12.0CM
3216,ASK2600S φ11.0CM
3217,ASK2600S φ11.0CM
3218,ASK2600S φ7.0CM
3219,SUS303 φ3.0CM
3220,C3604Lcd φ15.0
3221,A6061-T6 φ35.1D 昭和材
3222,G23-T8 φ16.0
3223,C3602Lcd φ17.0 (NB5N) (C3603-1/2H表記)
3224,A6061-T6 φ32.0D  2.5m 昭和材
3225,SUS303 φ9.0CM
3226,A6061-T6 φ35.1D  2.5m レゾナック
3227,A6061-T6 φ35.1D  2.5m レゾナック
3228,C3604Lcd φ12.0 (NB5S)
3229,C3604Lcd φ12.0 (NB5S)
3230,C3604Lcd φ15.0 (NB5S)
3231,C3604Lcd φ9.0
3232,S45C φ5.0D  2m
3233,C3604Lcd φ14.0
3234,A6061-T6 φ32.0D  2.5m 昭和材
3235,A6061-T6 φ32.0D  2.5m 昭和材
3236,SUS303 φ12.0CM
3237,SUS303 φ15.0CM
3238,"HB-71-1/2H φ12.0 (+0.05,0)支給材"
3239,HB-71-1/2H φ15.0 支給材
3240,SUS303 φ7.0CM
3241,ASK2600S φ12.0CM
3242,SUS303 φ4.0CM
3243,"HB-71-1/2H φ12.0 (+0.05,0)支給材"
3244,SUS304 φ10.0D  下村指定
3245,A5056 φ17.0 2m
3246,C3604Lcd φ4.0
3247,S45C φ8.0D  2m
3248,SUS304 φ5.0D
3249,C3604Lcd φ13.0
3250,C3604Lcd φ3.0
3251,C3604Lcd φ3.0
3252,SUS303 φ21.0D
3253,SUS303 φ21.0D
3254,SUS303 φ21.0D
3255,C3604Lcd φ13.0
3256,SUS420F φ5.0G ｻﾝﾄｸ製 支給材
3257,SUS303 φ9.0CM
3258,ASK2600R φ20.0CM
3259,ASK2600R φ20.0CM
3260,YST1 φ10.0
3261,A6061-T6 φ31.0D  2.5m ﾚｿﾞﾅｯｸ
3262,A6061-T6 φ35.1D  2.5m 昭和材
3263,SUS304 φ5.0D 下村
3264,SUS304 φ4.0D 下村
3265,SUS304 φ5.0D 下村
3266,S20C φ8.0D  1.5m
3267,C3604Lcd φ6.0 （焼鈍材）
3268,SUS303 φ20.0CM
3269,C3604Lcd φ15.0
3270,SUS303 φ20.0CM
3271,C3604Lcd φ10.0
3272,A6061-T6 φ35.1D  2.5m 昭和材
3273,SUS420F φ18.0G
3274,SUS303 φ19.0D
3275,C3604Lcd φ16.0
3276,SUS303 φ4.0CM
3277,"HB-71-1/2H φ12.0 (+0.05,0)支給材"
3278,C3604Lcd φ21.0
3279,SUS303Cu φ5.0D
3280,A5056 φ14.0 2m
3281,A5056-H18 φ31.0 2m (客先支給材)
3282,A5056-H18 φ12.0 2m (客先支給材)
3283,A5056-H18 φ17.0 2m (客先支給材)
3284,A5056-H18 φ12.0 2m (客先支給材)
3285,A5056-H18 φ14.0 2m (客先支給材)
3286,SF-13E φ20.0D
3287,SF-13E φ20.0D
3288,C3604Lcd φ13.0
3289,C3604Lcd φ5.0
3290,C3604Lcd φ7.0
3291,SUS303 φ6.0CM
3292,HB-71 1/2H φ11.0G
3293,S45C φ12.0D  2m
3294,C1100BD-H φ16.0
3295,SUS303 φ4.0CM
3296,"HB-71-1/2H φ12.0 (+0.05,0)支給材"
3297,"HB-71-1/2H φ12.0 (+0.05,0)支給材"
3298,SUS303 φ4.0CM
3299,SUS303 φ4.0CM
3300,SUS303 φ4.0CM
3301,SUS303 φ4.0CM
3302,C3604Lcd φ5.0
3303,ASK2600R φ20.0CM
3304,C3604Lcd φ20.0
3305,ELCH2S φ10.0D h9 客先無償支給
3306,SUS316L φ9.0G  2m 　メガサス
3307,SUS316L φ12.0G  2m  愛知精鋼
3308,SUS316L φ9.0G  2m 　メガサス
3309,SUS316L φ9.0G  2m 　メガサス
3310,SUS304 φ21.0G  2m
3311,K-M31 φ16.5G (±0.015)（客先有償支給）
3312,ASK2600R φ15.0CM
3313,ASK2600R φ20.0CM
3314,"HB-71-1/2H φ12.0 (+0.05,0)支給材"
3315,ASK2600S φ3.0CM
3316,SUS303 φ18.0CM
3317,SUS303 φ14.0D
3318,SUS304 φ9.0D
3319,ASK2600R φ20.0CM
3320,ASK2600R φ20.0CM
3321,ASK2600R φ20.0CM
3322,S45CH 調質材 φ12.0D  1.5m
3323,C3604Lcd φ12.0
3324,ASK2600R φ20.0CM
3325,C3604Lcd φ10.0
3326,C3604Lcd φ10.0
3327,C3604Lcd φ10.0
3328,C3604Lcd φ10.0
3329,SUS420F φ4.0G
3330,C3604Lcd φ10.0
3331,SUS304 φ4.0D 下村
3332,A5056 φ10.0 2m
3333,A6061-T6 φ35.1D  2.5m 昭和材
3334,SUS304 φ5.0D
3335,C3604Lcd φ15.0
3336,C3604Lcd φ15.0
3337,C3604Lcd φ15.0
3338,SUS303 φ12.0CM
3339,C3604Lcd φ21.0
3340,SUS420F φ18.0G 支給材
3341,SUS420F φ18.0G 支給材
3342,SUS304 φ18.0D  原則秋山材
3343,ASK2600R φ20.0CM
3344,ASK2600R φ20.0CM
3345,ASK2600R φ20.0CM
3346,C3604Lcd φ12.0
3347,C3604Lcd φ12.0
3348,ASK2600R φ20.0CM
3349,ASK2600R φ20.0CM
3350,ASK2600R φ20.0CM
3351,SUS303 φ19.0CM
3352,SUS316L φ13.0G  2.0m
3353,SUS303 φ6.0CM
3354,SUS303 φ17.0CM
3355,SUS303 φ17.0CM
3356,SUS303 φ16.0CM
3357,SUS303 φ17.0CM
3358,C3604Lcd φ15.0
3359,C3604Lcd φ15.0
3360,SUS303 φ10.0CM
3361,SUS304 φ4.0D 下村
3362,SUS304 φ4.0D 下村
3363,SUS304 φ22.0D  2m (山陽指定）
3364,ASK2600S φ17.0CM
3365,SF-20T φ6.0G
3366,ASK2600R φ20.0CM
3367,ASK2600R φ20.0CM
3368,ASK2600R φ20.0CM
3369,SUS304 φ11.0D
3370,SUS304 φ9.0D
3371,S45C φ5.0D  2m
3372,S45C φ10.0D  2m
3373,SUS303 φ4.0CM
3374,SUS303 φ4.0CM
3375,"HB-71-1/2H φ12.0 (+0.05,0)支給材"
3376,"HB-71-1/2H φ12.0 (+0.05,0)支給材"
3377,"HB-71-1/2H φ12.0 (+0.05,0)支給材"
3378,"HB-71-1/2H φ12.0 (+0.05,0)支給材"
3379,"HB-71-1/2H φ12.0 (+0.05,0)支給材"
3380,ASK2600R φ20.0CM
3381,ASK2600R φ20.0CM
3382,ASK2600R φ20.0CM
3383,ASK2600R φ20.0CM
3384,ASK2600R φ20.0CM
3385,ASK2600R φ20.0CM
3386,ASK2600R φ20.0CM
3387,ASK2600R φ20.0CM
3388,ASK2600R φ20.0CM
3389,C3604Lcd φ21.0
3390,SUS303 φ18.0CM
3391,C3604Lcd φ12.0
3392,C3604Lcd φ12.0
3393,"K-M31 φ10.0G (0,+0.03) 支給材"
3394,"K-M31 φ10.0G (0,+0.03) 支給材"
3395,"K-M31 φ10.0G (0,+0.03) 支給材"
3396,S20C φ6.0D  1.5m  ※端材保管
3397,S20C φ8.0D　1.5m　※端材保管
3398,S20C φ8.0D　1.5m　※端材保管
3399,S20C φ8.0D　1.5m　※端材保管
3400,S20C φ10.0D  1.5m  ※端材保管
3401,S20C φ12.0D　1.5m　※端材保管
3402,C3604Lcd φ15.0 (NB5S)
3403,ASK2600R φ16.0CM
3404,C3602Lcd φ10.0 (NB5N)
3405,C3602Lcd φ22.0
3406,G23-T8 φ16.0
3407,SUS316L φ18.0G  2.0m G4303大同 P研磨
3408,C3604Lcd φ21.0
3409,ASK2600R φ20.0CM
3410,C3604Lcd φ15.0 (NB5S)
3411,C3604Lcd φ15.0 (NB5S)
3412,C3604Lcd φ15.0 (NB5S)
3413,C3604Lcd φ22.0
3414,SUS303 φ18.0CM
3415,ASK2600R φ20.0CM
3416,ASK2600R φ20.0CM
3417,ASK2600R φ20.0CM
3418,ASK2600R φ20.0CM
3419,SUS304 φ19.0G  2m
3420,SUS304 φ19.0G  2m
3421,A7075 φ12.0G
3422,SUS303 φ12.0CM
3423,SUS303 φ12.0CM
3424,SUS303 φ12.0CM
3425,SUS303 φ12.0CM
3426,SUS303 φ12.0CM
3427,SUS303 φ12.0CM
3428,SUS303 φ4.0CM
3429,C3604Lcd φ15.0 (NB5S)
3430,BZ5A φ6.0
3431,ASK2600R φ7.0CM
3432,ASK2600R φ17.0CM
3433,ASK2600R φ17.0CM
3434,ASK2600R φ7.0CM
3435,SUS303 φ6.0CM
3436,HB-71 1/2H φ11.0G (φ12から研磨材）
3437,C3604Lcd φ8.0
3438,SUS303 φ13.0CM
3439,A5056 φ14.0 2m
3440,"HB-71-1/2H φ13.0 (+0.05,0)支給材"
3441,S45C φ25.0D  2.0m
3442,SUS303 φ16.0CM
3443,ASK2600R φ20.0CM
3444,ASK2600R φ20.0CM
3445,ASK2600R φ15.0CM
3446,ASK2600R φ20.0CM
3447,SUS303 φ20.0CM
3448,SUS303 φ20.0CM
3449,SUS303 φ20.0CM
3450,SUS303 Hex17.0  2m
3451,SUS316L φ12.0G  2m  愛知精鋼
3452,SUS316L φ9.0G  2m 　メガサス
3453,SUS316L φ9.0G  2m 　メガサス
3454,SUS316L φ9.0G  2m 　メガサス
3455,S20C φ6.0D  1.5m　※端材保管
3456,S20C φ10.0D　1.5m  ※端材保管
3457,C5441 φ12.0
3458,C3604Lcd φ10.0
3459,C3604Lcd φ10.0
3460,SGD3M φ16.0D  2m
3461,SUS303 φ11.0CM
3462,C3604Lcd Hex12.0
3463,C3604Lcd Hex10.0
3464,G23-T8 φ12.0
3465,SUS303 φ6.0G
3466,SUS303 φ4.0CM
3467,SUS303 φ20.0CM
3468,SUS303 φ20.0CM
3469,SUS303 φ20.0CM
3470,C3602Lcd φ10.0 (NB5N)
3471,C3604Lcd φ7.0
3472,HB-71-1/2H φ9.0 (φ12.0から加工）
3473,SUS303 φ18.0CM
3474,ASK2600R φ20.0CM
3475,ASK2600R φ20.0CM
3476,C3604Lcd φ15.0 (NB5S)
3477,C3604Lcd φ21.0
3478,C3604Lcd φ15.0 (NB5S)
3479,C6801 φ13.0 (客先支給材）
3480,SUS303 φ15.0CM
3481,SUS303 φ4.0CM
3482,ASK2600R φ15.0CM
3483,ASK2600R φ15.0CM
3484,ASK2600R φ15.0CM
3485,ASK2600R φ20.0CM
3486,ASK2600R φ20.0CM
3487,ASK2600R φ20.0CM
3488,SUS303 φ4.0CM
3489,ASK2600R φ20.0CM
3490,ASK2600R φ20.0CM
3491,ASK2600R φ20.0CM
3492,ASK2600R φ15.0CM
3493,C3604Lcd φ15.0 (NB5S)
3494,A6061-T6 φ29.0
3495,A6061-T6 φ29.0
3496,C3604Lcd φ15.0
3497,C3604Lcd φ12.0
3498,C3604Lcd φ37.0
3499,HB-71-1/2H φ15.0 支給材
3500,G23-T8 φ9.0
3501,G23-T8 φ12.0
3502,G23-T8 φ19.0
3503,G23-T8 φ15.0
3504,C3604Lcd φ15.0
3505,C3604Lcd φ3.0
3506,SUS303 φ17.0CM
3507,SUS303 φ17.0CM
3508,SUS303 φ12.0CM
3509,SUS303 φ13.0CM
3510,SUS303 φ12.0CM
3511,SUS303 φ12.0CM
3512,SUS303 φ13.0CM
3513,SUS303 φ13.0CM
3514,SUS303 φ13.0CM
3515,A2017 φ6.0 2m
3516,SUS303 φ8.0CM
3517,C3604Lcd φ11.0
3518,C3604Lcd φ4.0
3519,ASK2600R φ20.0CM
3520,ASK2600R φ20.0CM
3521,ASK2600R φ20.0CM
3522,A5056 φ9.0 2m
3523,A5056 φ9.0 2m
3524,A5056 φ36.0 2m
3525,A5056 φ32.0 2m
3526,A5056 φ28.0 2m
3527,A5056 φ25.0 2m
3528,A5056 φ25.0 2m
3529,A5056 φ37.0 2m
3530,A5056 φ37.0 2m
3531,C3604Lcd φ15.0 (NB5S)
3532,C3604Lcd φ15.0 (NB5S)
3533,C3604Lcd φ15.0 (NB5S)
3534,C3604Lcd φ15.0 (NB5S)
3535,SUS316 φ12.0G  2.2m ｼﾙﾊﾞｰ（千葉金）
3536,SUS303 φ4.0CM
3537,C3604Lcd φ15.0 (NB5S)
3538,SF-20F φ5.0G
3539,ASK2600R φ20.0CM
3540,ASK2600R φ20.0CM
3541,ASK2600R φ20.0CM
3542,ASK2600R φ20.0CM
3543,ASK2600R φ20.0CM
3544,ASK2600R φ20.0CM
3545,C3604Lcd φ13.0
3546,C3604Lcd φ16.0
3547,SK4F φ7.0D 2m 千葉金属
3548,ASK2600R φ20.0CM
3549,ASK2600R φ20.0CM
3550,ASK2600R φ20.0CM
3551,ASK2600R φ20.0CM
3552,ASK2600R φ20.0CM
3553,SUS303 φ12.0CM
3554,SUS303 φ12.0CM
3555,SUS303 φ13.0CM
3556,SUS303 φ13.0CM
3557,SUS303 φ13.0CM
3558,SUS303 φ12.0CM
3559,C3604Lcd φ14.0
3560,C3604Lcd φ8.0
3561,SUS303 φ9.0CM
3562,S35C φ18.0G  2m　  ※端材保管
3563,SF-20T φ9.0D
3564,SUS303 φ4.0CM
3565,A5052 φ28.0  2m 引抜材
3566,SUS420J2 φ17.0G  2m
3567,SUS303 φ38.0G  2.1m
3568,ASK500F φ4.0G  2m
3569,A6061-T6 φ35.1D  2.5m 昭和材
3570,A6061-T6 φ35.1D  2.5m 昭和材
3571,SUS316L φ9.0G  2m 　メガサス
3572,SUS316L φ9.0G  2m 　メガサス
3573,"K-M31 φ10.0G (0,+0.03) 支給材"
3574,SUM22 φ9.3D (林製鋼・神戸母材) 1.5ｍ
3575,SUS303 φ28.0G
3576,SUS303 φ12.0CM
3577,SUS303 φ4.0CM
3578,SUS303 φ4.0CM
3579,SUS303 φ4.0CM
3580,SUS303 φ4.0CM
3581,SUM22 φ9.3D (林製鋼・神戸母材)
3582,SUS303 φ13.0CM
3583,SUS303 φ13.0CM
3584,SUS303 φ14.0D 下村（大同）
3585,SUS303 φ14.0D 下村（大同）
3586,SUS303 φ14.0D 下村（大同）
3587,SUS303 φ14.0D 下村（大同）
3588,SUS303 φ14.0D 下村（大同）
3589,SUS303 φ14.0D 下村（大同）
3590,SUS303 φ14.0D 下村（大同）
3591,A6061-T6 φ6.0G  2m
3592,A6061-T6 φ6.0G  2m
3593,SUS420J2 φ19.0G  2m
3594,SUS420F φ20.0G
3595,SUS316 φ12.0G  2.2m ｼﾙﾊﾞｰ（千葉金）
3596,A5052 φ28.0  2m 引抜材
3597,SUS303 φ38.0G  2.1m
3598,SUS303 φ11.0CM
3599,SUS316 φ13.0G 2.2m ｼﾙﾊﾞｰ(千葉金)
3600,SUS316 φ13.0G 2.2m ｼﾙﾊﾞｰ(千葉金)
3601,SUS303 φ11.0CM　秋山精鋼
3602,"K-M31 φ10.0G (0,+0.03) 支給材"
3603,ASK2600R φ7.0
3604,ASK2600R φ7.0
3605,ASK2600R φ7.0
3606,ASK2600R φ7.0
3607,ASK2600R φ17.0
3608,ASK2600R φ17.0
3609,ASK2600R φ17.0
3610,ASK2600R φ17.0
3611,SUS303 φ11.0CM
3612,SUS303 φ4.0CM
3613,SUS303Cu φ6.0D
3614,ASK2600S φ7.0CM
3615,SUS303 φ10.0CM　秋山
3616,SUS303 φ10.0CM　秋山
3617,SUS303 φ10.0CM　秋山
3618,C3604Lcd φ13.0
3619,SUS304 φ9.0CM
3620,SUS304 φ11.0CM
3621,SUS316F φ8.0G
3622,SUS303 φ5.0CM
3623,SUS303 φ6.0CM
3624,C3604Lcd φ15.0 (NB5S)
3625,C3603Lcd-1/2H φ17.0
3626,SUS420J2 φ22.0D  2m
3627,SUS303 φ8.0D　下村
3628,SUS303 φ15.0CM
3629,SUS303 φ15.0CM
3630,SUS303 φ15.0CM
3631,SUS303 φ15.0CM
3632,SUS303 φ15.0CM
3633,SUS304 φ11.0CM
3634,SUS303Cu φ5.0D
3635,SUM22 φ9.3D (林製鋼・神戸母材) 2.5m
3636,SUS303 φ5.0CM
3637,SUS303 φ9.0CM
3638,SGD3M φ4.0  2m
3639,SUS316 φ13.0G 2.2m ｼﾙﾊﾞｰ(千葉金)
3640,SUS303 φ7.0CM
3641,K-M31 φ7.0G 2.5m（客先支給材）
3642,SUS303 φ4.0CM
3643,SUS303 φ18.0CM
3644,SUS303 φ38.0G  2.1m
3645,SUS303 φ7.0CM
3646,SUS303 φ7.0CM
3647,SUS303 φ7.0CM
3648,SUS303 φ7.0CM
3649,SUS303 φ7.0CM
3650,ASK2600R φ7.0
3651,ASK2600R φ7.0
3652,ASK2600R φ7.0
3653,ASK2600R φ7.0
3654,ASK2600R φ17.0
3655,ASK2600R φ17.0
3656,K-M31 φ16.5G (±0.015)（客先有償支給）
3657,"K-M31 φ10.0G (0,+0.03) から加工。支給材"
3658,"K-M31 φ10.0G (0,+0.03) から加工。支給材"
3659,SUS303 φ5.0CM
3660,ASK2600R φ20.0CM
3661,ASK2600R φ15.0CM
3662,ASK2600R φ20.0CM
3663,ASK2600R φ20.0CM
3664,K-M31 φ16.5G (±0.015)（客先有償支給）
3665,K-M31 φ7.0G 2.5m（客先支給材）
3666,C3604Lcd φ5.0
3667,SUS303 φ5.0CM
3668,SUS303 φ3.0CM
3669,SUS303 φ14.0D 下村（大同）
3670,SUS303 φ14.0D 下村（大同）
3671,SUS303 φ14.0D 下村（大同）
3672,SUS303 φ14.0D 下村（大同）
3673,SUS303 φ14.0D 下村（大同）
3674,SUS303 φ14.0D 下村（大同）
3675,SUS303 φ14.0D 下村（大同）
3676,SUS303 φ8.0D　下村
3677,SUS303 φ10.0
3678,SUS303 φ7.0
3679,SUM22 φ11.0CM
3680,SUM22 φ11.0CM
3681,SUS303 φ7.0CM
3682,SUS304 φ7.0D
3683,BZ5A φ14.0
3684,BZ5A φ14.0
3685,BZ5A φ14.0
3686,BZ5A φ9.0
3687,A5052 φ37.0  2m
3688,SUS420J2 φ17.0G  2m
3689,SUS316F φ8.0G
3690,SUS304 φ12.0 2m ｼﾙﾊﾞｰ（千葉金） 
3691,SUS304 φ14.0 2m ｼﾙﾊﾞｰ（千葉金） 
3692,K-M31 φ16.5G (±0.015)（客先有償支給）
3693,K-M31 φ16.5G (±0.015)（客先有償支給）
3694,"K-M31 φ10.0G (0,+0.03) 支給材"
3695,K-M31 φ16.5G (±0.015)（客先有償支給）
3696,K-M31 φ16.5G (±0.015)（客先有償支給）
3697,"K-M31 φ10.0G (0,+0.03) 支給材"
3698,A5056 φ14.0 2m
3699,A5052 φ37.0  2m
3700,A5052 φ37.0  2m
3701,SUS303 φ26.0CM  2m
3702,SUS303 φ7.0CM
3703,C3604Lcd φ12.0 (NB5S)
3704,C3604Lcd φ15.0
3705,C3604Lcd φ15.0
3706,C3604Lcd φ15.0
3707,HB-71 1/2H φ26.5 (±0.08)  2.5m  客先無償支給材
3708,HB-71 1/2H φ26.5 (±0.08)  2.5m  客先無償支給材
3709,HB-71 1/2H φ26.5 (±0.08)  2.5m  客先無償支給材
3710,HB-71 1/2H φ26.5 (±0.08)  2.5m  客先無償支給材
3711,HB-71 1/2H φ26.5 (±0.08)  2.5m  客先無償支給材
3712,HB-71 1/2H φ26.5 (±0.08)  2.5m  客先無償支給材
3713,HB-71 1/2H φ26.5 (±0.08)  2.5m  客先無償支給材
3714,HB-71 1/2H φ26.5 (±0.08)  2.5m  客先無償支給材
3715,HB-71 1/2H φ26.5 (±0.08)  2.5m  客先無償支給材
3716,HB-71 1/2H φ26.5 (±0.08)  2.5m  客先無償支給材
3717,HB-71 1/2H φ26.5 (±0.08)  2.5m  客先無償支給材
3718,HB-71 1/2H φ26.5 (±0.08)  2.5m  客先無償支給材
3719,HB-71 1/2H φ26.5 (±0.08)  2.5m  客先無償支給材
3720,HB-71 1/2H φ26.5 (±0.08)  2.5m  客先無償支給材
3721,HB-71 1/2H φ26.5 (±0.08)  2.5m  客先無償支給材
3722,YST1 Hex14.0
3723,SUS303 φ25.0G
3724,SUS420J2 φ21.0  2.5m
3725,SUS420F φ21.0  2.5m
3726,HB-71 1/2H φ26.5 (±0.08)  2.5m  客先無償支給材
3727,SUS303 φ14.0D 下村（大同）
3728,A5052 φ37.0  2m
3729,SUS303 φ26.0CM  1.5m
3730,A6061-T6 φ36.0D  2.5m ﾚｿﾞﾅｯｸ
3731,SF-20T φ6.0G
3732,C3604Lcd φ15.0
3733,A6061-T6 φ36.0D  2.5m ﾚｿﾞﾅｯｸ
3734,C6801 φ25.0 (BZ5A) 客先有償支給材
3735,SUS303 φ14.0D 下村（大同）
3736,C3604Lcd φ15.0 (NB5S)
3737,C3604Lcd φ7.0
3738,SUM23 φ26.0  1.5m
3739,SUS303 φ10.0CM　秋山
3740,SUS303 φ14.0D 下村（大同）
3741,G23-T8 φ25.0
3742,G23-T8 φ25.0
3743,G23-T8 φ22.0
3744,G23-T8 φ23.0
3745,G23-T8 φ23.0
3746,G23-T8 φ24.0
3747,G23-T8 φ28.0
3748,G23-T8 φ32.0
3749,G23-T8 φ33.0
3750,A5052 φ36.0  2m
3751,G23-T8 φ16.0
3752,G23-T8 φ16.0
3753,G23-T8 φ17.0
3754,G23-T8 φ17.0
3755,G23-T8 φ17.0
3756,G23-T8 φ18.0
3757,G23-T8 φ21.0
3758,G23-T8 φ20.0
3759,G23-T8 φ20.0
3760,G23-T8 φ20.0
3761,SUS304 φ5.0
3762,SUS303 φ10.0CM　秋山
3763,SUS303 φ14.0D 下村（大同）
3764,C3604Lcd φ9.0
3765,C3604Lcd φ13.0
3766,C3604Lcd φ13.0
3767,ASK2600R φ20.0CM
3768,A6061-T6 φ36.0D  2.5m ﾚｿﾞﾅｯｸ
3769,C3604Lcd φ10.0
3770,S20C φ17.0  1.5m
3771,SUM23 φ32.0  1.5m（林精鋼）
3772,A6061-T6 φ31.0D  2.5m ﾚｿﾞﾅｯｸ
3773,C3604Lcd φ10.0
3774,SUS303 φ6.0
3775,ASK2600R φ7.0
3776,"K-M31 φ30.0G (0,-20)  2m（客先有償支給）"
3777,K-M31 φ7.0G 2.5m（客先支給材）
3778,"K-M31 φ10.0G (0,+0.03) 支給材"
3779,"K-M31 φ30.0G (0,-20)  2m（客先有償支給）"
3780,K-M31 φ7.0G 2.5m（客先支給材）
3781,SUS303 φ5.0CM
3782,SUS303 φ12.0CM
3783,SUS303 φ20.0CM
3784,SUS303 φ19.0CM
3785,SUS303 φ14.0D 下村（大同）
3786,C6801 φ15.0 (BZ5A) 客先有償支給材
3787,SUS304 φ4.0
3788,"K-M31 φ10.0G (0,+0.03) 支給材"
3789,SUS303 φ9.0CM
3790,SUS303 Hex24.0  2m
3791,SUS316L φ18.0G  2.0m
3792,SUS316L φ18.0G  2.0m
3793,SUS316L φ18.0G  2.0m
3794,SUS304 φ15.0 支給材
3795,SUS304 φ13.0 支給材
3796,S25C φ28.0 支給材
3797,SUS303 φ22.0G
3798,A5052 φ26.0
3799,A5052 φ26.0
3800,A5052 φ30.0
3801,C3602Lcd φ7.0
3802,C1100 φ16.0
3803,ASK2600R φ17.0
3804,ASK2600R φ17.0
3805,ASK2600R φ17.0
3806,ASK2600R φ17.0
3807,ASK2600R φ17.0
3808,ASK2600R φ17.0
3809,ASK2600R φ17.0
3810,ASK2600R φ17.0
3811,ASK2600R φ17.0
3812,ASK2600R φ17.0
3813,A5056-H34 φ7.0
3814,A6061-T6 φ7.0G 2m
3815,A5056-H34 φ7.0
3816,A6061-T6 φ7.0G 2m
3817,S20C φ18.0 1.5m
3818,S20C φ30.0 1.5m
3819,SUS303 φ28.0G
3820,C3604Lcd φ12.0
3821,SUS303 φ15.0CM
3822,SUS304 φ4.0
3823,S25C φ28.0 支給材
3824,SUS303 φ28.0G
3825,SF-20F φ5.0G
3826,GT209 φ12.0
3827,C3604Lcd Hex14.0
3828,SUS304 φ5.0
3829,C3604Lcd φ8.0
3830,SUS303 φ16.0CM
3831,SUS303 φ10.0CM
3832,SUS303 φ9.0CM
3833,SUS303 φ12.0CM
3834,HB-71 1/2H φ12.0
3835,C3604Lcd φ3.0
3836,C3604Lcd φ3.0
3837,S45C φ16.0 2.0ｍ
3838,S45C φ18.0 2.0ｍ
3839,SUS303 φ4.0CM
3840,SUS420J2 φ21.0 下村 支給材
3841,SUS303Cu φ9.0
3842,A2017 φ9.0
3843,C3604Lcd φ18.0
3844,SUS420F φ14.0G 客先有償支給材
3845,SUS303 φ14.0D
3846,A6061 φ25.0 2m 客先有償支給材
3847,SUS420J2 φ26.0 2m 客先有償支給材
3848,SUS416 φ25.0G 客先有償支給材
3849,SUS416 φ28.0G 客先有償支給材
3850,C6801 φ25.0 (BZ5A) 客先有償支給材
3851,C6801 φ15.0 (BZ5A) 客先有償支給材
3852,SUS303 φ24.0G
3853,GT209 φ10.0
